filename,year,label,set
test/None/decade_b235b4959c70dabc600bca121a4a9163.jpg,,None,test
test/None/decade_d33ef16d806ca91e6a327ad8d476cf89.jpg,,None,test
train/None/decade_a8ad761f69406bde851b6158302ad4c2.jpg,,None,train
train/None/decade_70c4b81e5900c7fff5d83897d881a738.jpg,,None,train
train/None/decade_bf945bc87ebc57482cd3dc22f8ebd5c6.jpg,,None,train
train/None/decade_3b6844262a15b2d6a422a4ba902f2f4b.jpg,,None,train
train/None/decade_961c332b8fe458d6cda498553bf98e6e.jpg,,None,train
train/None/decade_c56b9554af3efcd2e22a210e75711290.jpg,,None,train
train/None/decade_809c9087dafb103e1dfc9937fbb6e15d.jpg,,None,train
train/None/decade_a785a00a66589f03378a3cc4de2368e0.jpg,,None,train
test/None/decade_cd5e0b63d2f760eaf574aba35374a7c2.jpg,,None,test
train/None/decade_0c3d2a2626fd2e2099272fc8e51bb5d4.jpg,,None,train
test/None/decade_9974aeec9add50e20ada0e884e7e5214.jpg,,None,test
train/None/decade_bf49de8f7bcb24940734397837935baa.jpg,,None,train
train/None/decade_3d22c908f6f2f4cc58a64164acc30428.jpg,,None,train
train/None/decade_b157cbcc470f696816b0397c7f0458fb.jpg,,None,train
train/None/decade_b19b53bbab8e7a3218b6f645bffd4071.jpg,,None,train
train/None/decade_e63800b974af3cfa91b5a2ab4d751073.jpg,,None,train
train/None/decade_653d6ef32c141ce99a9c10628837d6d9.jpg,,None,train
train/None/decade_9710ae545afe2a71164cc775f5cead87.jpg,,None,train
train/None/decade_69c1032a3602dfddfa5d5400e69f25d1.jpg,,None,train
test/None/decade_0277765a056a2f6ccb37ecf1ac5866fd.jpg,,None,test
train/None/decade_9d3fbd2bf3868ae971f3a9d6e45a4cf9.jpg,,None,train
train/None/decade_9d8ace088a6cbf561af460c3dafab24b.jpg,,None,train
train/None/decade_ad8d32ca35112a1f47eaf364b8aed056.jpg,,None,train
train/None/decade_db449b8c47b921aca7cbdeb7986b2dce.jpg,,None,train
train/None/decade_513564d1d9e4975d691851dd4677d8e7.jpg,,None,train
train/None/decade_56fc3935a046649eb1ee764ec38dbe2c.jpg,,None,train
train/None/decade_66eb44dd91456f02a6e1f255fc563aed.jpg,,None,train
train/None/decade_2d6493556ae96223c52755392d31411c.jpg,,None,train
train/None/decade_89a96b7d80e3dbba310392d15f5e2fa1.jpg,,None,train
test/None/decade_9a5c28f2558ce9ac86d5b2a292e2be70.jpg,,None,test
train/None/decade_6476835fe879386537337d2de8a6e296.jpg,,None,train
test/None/decade_4943404f992432ff152675bba9a88790.jpg,,None,test
test/None/decade_c41f495841638f3583e5addee9bf36b4.jpg,,None,test
train/None/decade_a46684de87e429c6acd4933a3d6361bf.jpg,,None,train
train/None/decade_375a926db1b3a3da5fdf3b44c4c38a49.jpg,,None,train
train/None/decade_db516bd0fbd5995e4619c09a27c3125e.jpg,,None,train
test/None/decade_7d8bfa1119c971ac61742340cf5f132a.jpg,,None,test
train/None/decade_bc342d0c5e90aad48141df61c299fb2c.jpg,,None,train
train/None/decade_0a5fd9ddec21763b526340576ed316be.jpg,,None,train
train/None/decade_a618c1c64ebcddacaf094987d7a436e5.jpg,,None,train
train/None/decade_e4706542bf3a7e78c25ec3a3fc3f4773.jpg,,None,train
train/None/decade_beac4a4bd9bdbca2d5ad32786030c7a5.jpg,,None,train
train/None/decade_c116b033e4c11117bdf1008e70565c73.jpg,,None,train
test/None/decade_906c3ccdbed9993d4fa1db25986fa49e.jpg,,None,test
train/None/decade_1db09b5145fed41778b0f83839a52b6e.jpg,,None,train
train/None/decade_acc8285e3f27f4aa9e76e55aa67c6228.jpg,,None,train
train/None/decade_d4b26a69c8ba855f6ee64fa96f1df24b.jpg,,None,train
train/None/decade_480be12a267372bc81638977f92dbff8.jpg,,None,train
train/None/decade_b08252eb1621de54bf9f9dba212f185e.jpg,,None,train
train/None/decade_56dee8a5ca8badaf3aa46ddf4562eb10.jpg,,None,train
train/None/decade_316439e33421523ed0658c5d5bd225dc.jpg,,None,train
test/None/decade_e457e9d2b4e96cf42c66ba30f490c795.jpg,,None,test
train/None/decade_b7a06edbc4e3d503853f9aef1f07966d.jpg,,None,train
test/None/decade_549c78925225569bcffd0f3cc44ebc76.jpg,,None,test
train/None/decade_b329f512a08cff00d1c34fdd68bd2793.jpg,,None,train
test/None/decade_02fd5bbf2e9aeabe2e47ca218ef3fa1b.jpg,,None,test
train/None/decade_55f8351874fb1fa43793a91b309f1fe7.jpg,,None,train
train/None/decade_0d619901c5c6675064c157456b1f84f6.jpg,,None,train
train/None/decade_6246fdc3d593d61c5d264806fa8021ee.jpg,,None,train
train/None/decade_4ce9142ea4d71639da42077c5e1a93e9.jpg,,None,train
train/None/decade_b9fc8e9712311c219bf5698f30ee4f32.jpg,,None,train
test/None/decade_94c4518259b69bea6cb2deb0f2eb0a75.jpg,,None,test
train/None/decade_a37f4b2ec1ee1a445b066866efb7de4d.jpg,,None,train
train/None/decade_ce3463271086b23e79c7da354376d649.jpg,,None,train
train/None/decade_96759eb2331dfc2b1c73020c7fe17686.jpg,,None,train
train/None/decade_3480880006a90dde0ce94b4285829c86.jpg,,None,train
train/None/decade_c97fa962b31932b313aa44b726f86e93.jpg,,None,train
test/None/decade_8fca9c6847cab10cfee959ecae49b9c0.jpg,,None,test
test/None/decade_98edde7da3494219f1254fe74e41507e.jpg,,None,test
train/None/decade_ca4a679f17ad2e020782e20ca56153bb.jpg,,None,train
train/None/decade_6604d9d95f86a752d31521b9030d1ed8.jpg,,None,train
train/None/decade_6d6b7e1f26b734ff4a7b670f95b7e65e.jpg,,None,train
train/None/decade_2021c9dc9986753b914f0b57c026c9e9.jpg,,None,train
train/None/decade_dd045ab3127a462a9934dce55f812cca.jpg,,None,train
train/None/decade_ab8f0cdeca2d495507127c1bac97c5f2.jpg,,None,train
test/None/decade_0d3f0f9e7e29cf36ffa09fd80f468b84.jpg,,None,test
train/None/decade_d1dd6446329b4d6ae42128f07d682092.jpg,,None,train
test/None/decade_aacdf60abaa82c444b5f3b860eec2938.jpg,,None,test
train/None/decade_ee285fc7bbe755f43ac80cae2db86a6d.jpg,,None,train
train/None/decade_b61ce9d88fe76a18c5b7771dc33a3452.jpg,,None,train
train/None/decade_4f8334267b29fc60ccfd1b78e45cac24.jpg,,None,train
train/None/decade_ca0b62f885d19035fc75d71edd7aa5a2.jpg,,None,train
train/None/decade_3fdf7fe5d5d37453c3802ea1bee6132b.jpg,,None,train
test/None/decade_8410af4727b224833ffaec03b605381f.jpg,,None,test
train/None/decade_31db61da705751bf89229e46cb5582b7.jpg,,None,train
train/None/decade_2c9b268f2c6d208d0f4ab735025a9174.jpg,,None,train
test/None/decade_7e9ed96f6b4f85dfb85a57130fe1ddad.jpg,,None,test
train/None/decade_7b54ba18d3eac6f6f14563108f3bb434.jpg,,None,train
test/None/decade_3d77aedb77db611aa1862146a7294b20.jpg,,None,test
train/None/decade_e2c2aaf701c558e42a51d4b07bae0035.jpg,,None,train
train/None/decade_94ddb49fed4e65142b0efa792cb9c003.jpg,,None,train
test/None/decade_62706628f5c90dee00a86de78a043ad8.jpg,,None,test
test/None/decade_c2554b408e694c910398ab02827b6701.jpg,,None,test
train/None/decade_62b247112d4aa3b397fe14d1aed73f2d.jpg,,None,train
train/None/decade_8e04ed66400a4b7370c5729f98bf1728.jpg,,None,train
train/None/decade_c69bbf41d4f53dabbf3d42c3c880b9af.jpg,,None,train
train/None/decade_a40bbf64a54b817f7ee37a4ad4c3dff4.jpg,,None,train
train/None/decade_d63df96dbdf5de2066e385fc34403497.jpg,,None,train
train/None/decade_8a50e9ed9c84e8f211a56b35c6645a0c.jpg,,None,train
test/None/decade_a986959512d576c790e1524e2a539836.jpg,,None,test
train/None/decade_a14b6a69af2da532813414cdca28e555.jpg,,None,train
train/None/decade_e3947f467a4cd9c6ffdf68ccafe4d6c5.jpg,,None,train
train/None/decade_ec6f8286c43a71550c91d4581cf31476.jpg,,None,train
train/None/decade_51b77e923f84e2575d00be7d146c11bc.jpg,,None,train
train/None/decade_7c68a2be1ae09a983d6919479bf857d7.jpg,,None,train
train/None/decade_c863a52afa3124f2639e9584ae677cf9.jpg,,None,train
train/None/decade_c2ddbaa354f7034b8eb3af976cb8b217.jpg,,None,train
train/None/decade_b1e456cfd705836e1d3cfa38bf0cb961.jpg,,None,train
test/None/decade_d1e9e42558c04ab3b9ac4ca4224c8886.jpg,,None,test
train/None/decade_685b729c358013133dda76be4e216bd3.jpg,,None,train
train/None/decade_8b98d0c5419d536a4bb6bd29eb736e06.jpg,,None,train
train/None/decade_62a82ae564c2bf98c60075e9060da0d4.jpg,,None,train
train/None/decade_c294c61bc19a3977619b86335c00cc62.jpg,,None,train
train/None/decade_5f81eee8861b31c09409d62f1fc073e3.jpg,,None,train
test/None/decade_4b76586e52f777f14e8633743aa44d97.jpg,,None,test
train/None/decade_b562415010e1a64278188b7b819c9f42.jpg,,None,train
train/None/decade_b7b2f0dc49b687c757a4bee1b969b5c4.jpg,,None,train
train/None/decade_d479f26532f4fb68e7f5a1c8d863c56b.jpg,,None,train
test/None/decade_5ecfb058e2283e2905f8805aa933e8e9.jpg,,None,test
train/None/decade_d9822735cd686183655fd5f764451d3c.jpg,,None,train
train/None/decade_ea47b52681cf725052944f50d8912806.jpg,,None,train
train/None/decade_b7a0476ecae47a5afbe896bc7a8add8a.jpg,,None,train
train/None/decade_94f6aa233c9040e8a6ec993c3216fbe9.jpg,,None,train
train/None/decade_ee04ab5934ff0585aaeb5feb56b80244.jpg,,None,train
train/None/decade_882c7748a1d14c0aea5b0ebc84d507a8.jpg,,None,train
train/None/decade_8c5e9cbd6139c046b5b9bc4087a940d8.jpg,,None,train
test/None/decade_db08856229a09894a0e2c7237e7f7c58.jpg,,None,test
train/None/decade_7786363fc4bb5f4f2042c0bbc8a770fe.jpg,,None,train
test/None/decade_745542f6520c1dfd6ac74b8c391660f8.jpg,,None,test
train/None/decade_af7f564911395343ce1d9cbe8217beaf.jpg,,None,train
train/None/decade_bc45a8199cdf240990d07e8bed85400c.jpg,,None,train
train/None/decade_c295d62ca373e87865d34eb53159a76a.jpg,,None,train
train/None/decade_cdc65a02956c7234869d43869d6ccab1.jpg,,None,train
train/None/decade_3393350f64bfc8b5beeefcfa9798afb9.jpg,,None,train
train/None/decade_53b58ff94039e6f62902bc685b82862f.jpg,,None,train
train/None/decade_8fbe545a5f0775947ec5b553a401c897.jpg,,None,train
train/None/decade_5382e2fbfae551ff90144bcc956d50d7.jpg,,None,train
train/None/decade_4a5e4c6bdbad079097c9c74b5ae329e1.jpg,,None,train
train/None/decade_36928ed05a960fd8fd7e893bca665841.jpg,,None,train
train/None/decade_ab62e1e51b9f52d115851f191af0913c.jpg,,None,train
test/None/decade_906ebefc263e08304ebf9dde455edd03.jpg,,None,test
test/None/decade_192cf5ece36a83b95d37eb33b3271d15.jpg,,None,test
train/None/decade_b72d25ae5552dcb4241565b95de2a2f3.jpg,,None,train
train/None/decade_01f3e6ef65dff778987c163641c907b9.jpg,,None,train
train/None/decade_94fcea0b4744f31b2a46e1866fc02bba.jpg,,None,train
test/None/decade_dbc527ff97ff933476470fe2b456a689.jpg,,None,test
train/None/decade_a493fbbf67026b785aaa3c91e40beb3e.jpg,,None,train
train/None/decade_2c76c9f978d3115e7d146ebbaf9a0116.jpg,,None,train
train/None/decade_0f9c105ba6b0a9eab051acd9f8514c10.jpg,,None,train
test/None/decade_2310d3657a6a2adaa68ddb0cf92a3a84.jpg,,None,test
test/None/decade_0fef26b6f995241955a54453efd81944.jpg,,None,test
train/None/decade_2b1ebeb0be91b2038fd2f9e593089a1a.jpg,,None,train
train/None/decade_bf0e2db053da0c6ac7f660448ebab374.jpg,,None,train
train/None/decade_5050b9d36a5d582b17dc0658673025dd.jpg,,None,train
train/None/decade_5ef421a18a097dc505074ce990df4a11.jpg,,None,train
train/None/decade_aa3696b098f3b51d5c9b45ec01f1e457.jpg,,None,train
test/None/decade_a10277edad1920a5f975cdca04081081.jpg,,None,test
train/None/decade_80d9edaf681b0627fd54599bb47c16a2.jpg,,None,train
train/None/decade_4d2a74393c8818ffaaa8abe4944a365d.jpg,,None,train
train/None/decade_1c0dc7e8d1857a41a6362c22b9dfe381.jpg,,None,train
train/None/decade_621529c91f91c9f0c939e31c8a062a20.jpg,,None,train
train/None/decade_be737a7d510f2eebb82e36a13ee2bc24.jpg,,None,train
train/None/decade_5fea11270494b572f751c4b5de3a9bfc.jpg,,None,train
train/None/decade_b0938f335d1de179494725c67d17b526.jpg,,None,train
train/None/decade_a11b3301f57546260a39de7207b135d6.jpg,,None,train
train/None/decade_50bb57d9162d77d83b988ba1655f99e5.jpg,,None,train
train/None/decade_b78feb8cc14822d860337c3999ca9d2c.jpg,,None,train
train/None/decade_e9fba6090c500445c118d496de461c94.jpg,,None,train
train/None/decade_d16c63997112c06c73cdbfbe75cbdb05.jpg,,None,train
train/None/decade_d57da0fa04d9be83a0760811bdad6d6e.jpg,,None,train
train/None/decade_5a55cbc2df8df9d80eabb6cc0bbec8b0.jpg,,None,train
train/None/decade_a760241ba9fd787d421a34d0eb477978.jpg,,None,train
train/None/decade_e035ac169711b1dbd2e0a0bea1b6a47d.jpg,,None,train
train/None/decade_b608d62b1799a466a5331f2275813c51.jpg,,None,train
test/None/decade_c9aed152258d52a3609ab9aab8058ffc.jpg,,None,test
train/None/decade_410bfb888b6e1449fa468d2fc2927384.jpg,,None,train
train/None/decade_9f31f22cc53f512cb287b07e11894949.jpg,,None,train
train/None/decade_cf078b2cdfaf15308be7543d2604498c.jpg,,None,train
train/None/decade_67cf064bbffef59a2f164653fc72a200.jpg,,None,train
train/None/decade_9caf94d221832a55d77220ff01678083.jpg,,None,train
train/None/decade_aedce797b28d68e61cedf2bf8c5157df.jpg,,None,train
train/None/decade_394fa42d75d83bcfdafb9f3170076b35.jpg,,None,train
train/None/decade_a41859ce737ecf5d0293af0e4d747abc.jpg,,None,train
train/None/decade_94ae345ef253f0fe2eed8811103bb1e5.jpg,,None,train
train/None/decade_aca958737e79bd0ee91091c0ac95b8e9.jpg,,None,train
train/None/decade_7c26c49bf713d6b2064e6946cdd98ad1.jpg,,None,train
train/None/decade_8f83d942326395d9c25789563a45fa57.jpg,,None,train
train/None/decade_dcda6bbcff2ee8993a17c4e5e239e24a.jpg,,None,train
train/None/decade_cdd7647ae764c4a6ba66ff6d6c8dade3.jpg,,None,train
test/None/decade_d75ae0b113fecbff5c032df814ec426a.jpg,,None,test
train/None/decade_60fade843e6aabf37e6690f9000ca321.jpg,,None,train
train/None/decade_ce2b6da2c85dca0bde5852d47ab78f91.jpg,,None,train
train/None/decade_5a52a056a0006a71a1d4684b640f0454.jpg,,None,train
test/None/decade_c0d75fe69bc8f92a69249813dd4b9339.jpg,,None,test
test/None/decade_5699c4070eecd61d5381705742bfa81c.jpg,,None,test
train/None/decade_deae90cf11764a450d011e0b76df650b.jpg,,None,train
train/None/decade_3b3a1a472067489cc5c933f8044e5484.jpg,,None,train
test/None/decade_0b6cd9e004833e86454e1e6386e2f1a1.jpg,,None,test
train/None/decade_6e3812366536b45bfe13204e7fe48702.jpg,,None,train
train/None/decade_bfe6489fd00eb363f3dc2d2d542083c9.jpg,,None,train
test/None/decade_ebae4116f8b570e84d1e8e95db210a70.jpg,,None,test
test/None/decade_0afa8c7c582d25bebbb99ea8ae6fbb85.jpg,,None,test
test/None/decade_0221ca093eb38d47b43aa750bf575206.jpg,,None,test
train/None/decade_b3279d65b25b00043ce59900e88f38f5.jpg,,None,train
train/None/decade_a8f106640602bf73beea05281ccd30a6.jpg,,None,train
train/None/decade_33e505fd376324854368278253558e69.jpg,,None,train
train/None/decade_2f8777fe418ab35ad1e82d38b71c2874.jpg,,None,train
train/None/decade_e027ea502787c586ca784c7c9d72e029.jpg,,None,train
train/None/decade_b9a7cec76d0c79ede39b9d7713ff5989.jpg,,None,train
test/None/decade_daf6a171f3684e6ea70b9ff4085141a4.jpg,,None,test
train/None/decade_997223f238e0052aa844714d5116d86e.jpg,,None,train
test/None/decade_cdaf2579683c473d1931b1dc03ab47b8.jpg,,None,test
test/None/decade_249ead574b0e56c11aa4ba44292b867d.jpg,,None,test
train/None/decade_b9ce26a1c0ca8d724fafa873af6cac15.jpg,,None,train
train/None/decade_7a9a03b6f7f5c102c0140d6cc930b4f1.jpg,,None,train
train/None/decade_d1b1880c88e5e048a30228f473bce0d9.jpg,,None,train
train/None/decade_6473076fda514a9dbec3d389636c1b6d.jpg,,None,train
train/None/decade_42a455498d8a797d2054c440e963145a.jpg,,None,train
train/None/decade_ae7e66558072d07de059373737ce1a7a.jpg,,None,train
test/None/decade_a755145177815c5a2469e1c1851e262c.jpg,,None,test
train/None/decade_2f547687568ff0b206dbab0fc93600d9.jpg,,None,train
train/None/decade_7fccdfe19b2fdd795ec2b56c5f53100c.jpg,,None,train
train/None/decade_1683238e7d3bfd25b8c030660bb56fc8.jpg,,None,train
train/None/decade_dc5900f2986cc891faf21aa24232ac40.jpg,,None,train
train/None/decade_167134b8f8d7ee2a651e78c9d6c7c511.jpg,,None,train
train/None/decade_48326b3f88ee075e7e6bd6c33adb24b5.jpg,,None,train
test/None/decade_909a35ca658c5e3b13bc9871d165050c.jpg,,None,test
train/None/decade_60bf2c1386ee519080398b81dc732a7c.jpg,,None,train
train/None/decade_a31b0a48d90682102c1e59071bab2226.jpg,,None,train
train/None/decade_c1890f3617b493768199efba41bf6122.jpg,,None,train
train/None/decade_044268865e09ba7a89210a3b2bd1dc8b.jpg,,None,train
test/None/decade_c50b5b06077ba054aa7a776f4e702cf7.jpg,,None,test
train/None/decade_b81846b7a7162784f6a6a338fb766ae4.jpg,,None,train
train/None/decade_33132db5a2da2508be68dacc09e165bd.jpg,,None,train
train/None/decade_c4a2eaa8829f54d5c350e7f6d8214c9d.jpg,,None,train
test/None/decade_a19742ad938cc21359b583e379114e74.jpg,,None,test
train/None/decade_a12d6ab3a7126c3aec18eb54c91d01ce.jpg,,None,train
train/None/decade_c9a382c54a408536dc6fffc47dfe6278.jpg,,None,train
train/None/decade_35036db7199444e9c42ebe018280f9a2.jpg,,None,train
test/None/decade_aaf164a71ee378dbd0791cf66762a708.jpg,,None,test
train/None/decade_b5b067f26e3c0d5ee193d65382a5369a.jpg,,None,train
train/None/decade_9d3f9a9e1d2934e62f56a88b87f7f424.jpg,,None,train
train/None/decade_a56cf112de3111a8ac102ff27bd1ed64.jpg,,None,train
train/None/decade_3cb0caa44b8312f28c5b5b15f9db6934.jpg,,None,train
train/None/decade_42b119e8680aa220f092d8aa7f314f27.jpg,,None,train
train/None/decade_3df5b702115524f18613f9503ef17b77.jpg,,None,train
test/None/decade_60dd9de10a29b17d5a45f4bb8a38acc1.jpg,,None,test
train/None/decade_ddc38c2979cd5ff899d8d9e873874d04.jpg,,None,train
train/None/decade_c284edbf4bd3d22de4c04f5624b20b5e.jpg,,None,train
train/None/decade_dddc85c3c71b1bf89f089861ae25d4a6.jpg,,None,train
train/None/decade_60aaf2e46c51f7009b23c65c2626639c.jpg,,None,train
test/None/decade_975d9f2a75f12edb3cd5422577535742.jpg,,None,test
test/None/decade_7126b15b8d45aebf0d15d98bd95b7825.jpg,,None,test
test/None/decade_ea2697215e630fe348eb37e606755ba5.jpg,,None,test
test/None/decade_4ce79ed74aa17c2702a2a8b61642b3fe.jpg,,None,test
train/None/decade_897e7d30cf396e53c2eb0f38af5b114f.jpg,,None,train
train/None/decade_bae3f62059b4149305cb4c6513ba6f86.jpg,,None,train
train/None/decade_9a9e90327bbc842e7edb9771c61bc29a.jpg,,None,train
train/None/decade_4c65d5ca33b92de08589abc32a29d304.jpg,,None,train
train/None/decade_a698f4af035d930254297af666b562f5.jpg,,None,train
test/None/decade_ebb2b763047653d8639461cc2d4bb8d9.jpg,,None,test
test/None/decade_c63a94b4a75978c5c7be4c54fe73efce.jpg,,None,test
train/None/decade_da545a2bc7bf84f4a521e522844b5e09.jpg,,None,train
train/None/decade_6f81eb39009ce933a02682e5bfba77b6.jpg,,None,train
test/None/decade_d48f53c2f8fa6b76bbdb34c4f6f27bbf.jpg,,None,test
test/None/decade_8547b3410bab03383ca12e07e7ec88e1.jpg,,None,test
train/None/decade_a26f672be81f1a4c2592b97a6c096239.jpg,,None,train
train/None/decade_c6eeb2049329991041329c3980ca3375.jpg,,None,train
train/None/decade_0347e18a7668e036ba477e06ec05dc3f.jpg,,None,train
train/None/decade_ed5981abaf53ccc1cecf3ce3aa96e5a3.jpg,,None,train
train/None/decade_8fbd627bdba4f48e3d25e2df175c0ef3.jpg,,None,train
train/None/decade_809992f5e46cafe071f70bd03363f656.jpg,,None,train
train/None/decade_de7f8dbaaed00fd98aa0bad4ff54fb30.jpg,,None,train
train/None/decade_7a2bc9a564769319bd098a88b20dffcf.jpg,,None,train
train/None/decade_5161a41688f83616d469f71e54c19ae5.jpg,,None,train
test/None/decade_0488aa4e4f4aedbffd5ca9abafbcb78e.jpg,,None,test
test/None/decade_70702487dc48fe0fa2817b541e1b625d.jpg,,None,test
train/None/decade_0d43a95c366748744276031e4e3b8379.jpg,,None,train
train/None/decade_b5f7e0449c597f3db9b317b883e80b9f.jpg,,None,train
train/None/decade_92815b8957f9ff6958ef5b9b57074a29.jpg,,None,train
train/None/decade_bf0c470edf650fd30f166efea670fc1b.jpg,,None,train
train/None/decade_ddecf03f842c0b2ff859a1d99ccb9fe5.jpg,,None,train
train/None/decade_6a409d5585debbaaa5eab51337cc44a7.jpg,,None,train
train/None/decade_81ada6137fb03835256aba35d837460b.jpg,,None,train
test/None/decade_9944f76240470662d3993a51bd708041.jpg,,None,test
train/None/decade_31096c95a9fa245fdc34ddcf22811d37.jpg,,None,train
train/None/decade_2fe775bb0a7bd6e405f9705d883169cc.jpg,,None,train
train/None/decade_f466d621b8f398349039528c1b462369.jpg,,None,train
test/None/decade_f05bf167f6ca0c9b2b64bebfb40681f3.jpg,,None,test
train/None/decade_f94bcc307e9217f1ef664631b2f920f1.jpg,,None,train
train/None/decade_cc17ffd5ed5883dc59a91fc60facda36.jpg,,None,train
train/None/decade_e06f45ddfd7cefd7f7bfd66a0c77b135.jpg,,None,train
train/None/decade_07182f82c2ca78be9c7414c5dd9ed769.jpg,,None,train
test/None/decade_bb08ebf59f3c4ec02d0d889c9fcf9eb2.jpg,,None,test
train/None/decade_8b627f7c73e405473f9d09868ffdc8c3.jpg,,None,train
train/None/decade_39bb4c53064bc1329d6cb009b02df9ba.jpg,,None,train
train/None/decade_47f557529d3b762bc49b8b4fa404b5fb.jpg,,None,train
train/None/decade_bdf8f6b2195b705ca9407fa7c72acd97.jpg,,None,train
train/None/decade_793df303e1e7857f055b31f3878f9472.jpg,,None,train
train/None/decade_8ef976a50c116d02acaa9629705ace14.jpg,,None,train
train/None/decade_f5f2a08f78527fbd124a79104a8e4ac1.jpg,,None,train
train/None/decade_230c2599b17abbd1bf20ba52724ed122.jpg,,None,train
test/None/decade_01b65ddba1db415150492171cc94f122.jpg,,None,test
train/None/decade_e152bc6dac84ad2d7eb6cf4031bcdd7f.jpg,,None,train
train/None/decade_c6220532573fc65f622b2dba603f088f.jpg,,None,train
train/None/decade_12ef722004c4722bcad1a03353cd4d6f.jpg,,None,train
train/None/decade_3c011930dfc18d8dddbfd0bc9860220a.jpg,,None,train
train/None/decade_0615ac57bdb3c97eeee7455bb0b20b1c.jpg,,None,train
train/None/decade_a7c9e1549455cd0e5bba6e1ce21c3fa8.jpg,,None,train
train/None/decade_a3001d5bc3815a18f8897dc0744fa256.jpg,,None,train
train/None/decade_2fb0644a413fb03c4220d35b38cb1ccc.jpg,,None,train
train/None/decade_f09353999fb54d357ab162c83841cc16.jpg,,None,train
train/None/decade_cefe102c87ee31ee3eb89ae469cd450f.jpg,,None,train
train/None/decade_35fc3b511b354b95982e10f143f0da10.jpg,,None,train
train/None/decade_bbf256c20b5b4038c949d0762019178b.jpg,,None,train
train/None/decade_42306d025a437f4b7c03b782b6558320.jpg,,None,train
train/None/decade_d479e1e20b07c1670ae2dab2794334b9.jpg,,None,train
train/None/decade_6ba14f4bbcd17bf8a9e358f8145338e4.jpg,,None,train
train/None/decade_6b998492d0fdb65495809d87835bd772.jpg,,None,train
train/None/decade_e97906f14f6e2e50dcf4b9c8babe7b05.jpg,,None,train
train/None/decade_a4e0f006bc3ec9e61d051bf989410057.jpg,,None,train
train/None/decade_39d9397064bbd5e21817e9c20cdbe269.jpg,,None,train
test/None/decade_050092803ceb8ed377326d8c61adf558.jpg,,None,test
train/None/decade_bf98e6bea194cace6a50bb5fbb179000.jpg,,None,train
train/None/decade_7ec8e3f78f31ce85bf5a53386921ce27.jpg,,None,train
train/None/decade_78b9b85482ef34b7b8bd31abf6501fff.jpg,,None,train
train/None/decade_4cda0b493d183f40077a4b92ee27177d.jpg,,None,train
train/None/decade_76f5d227e4f897a8f0adac43274fc5e3.jpg,,None,train
train/None/decade_851dd86882c288a128516e7f9a8338bc.jpg,,None,train
train/None/decade_0a06f560c2ad031ec55f6f94f6a55ff9.jpg,,None,train
train/None/decade_8bcbf8a5861448a064a9b6d2be6e7de6.jpg,,None,train
train/None/decade_a0c995c132d9dcbc6f4f749f35256605.jpg,,None,train
test/None/decade_0d78ae6f86a0c1c81104775d26327766.jpg,,None,test
train/None/decade_82014cf9cf8331fa5c0752d03595ae65.jpg,,None,train
test/None/decade_439131f7943719983d4de3ad93ef037e.jpg,,None,test
train/None/decade_523d6d3138774eacd0371d9f3eb2e447.jpg,,None,train
train/None/decade_1aaff0b392af683d959bd3b5be25ff4a.jpg,,None,train
train/None/decade_9b88c4eafd5bcb677b28c84b59da941d.jpg,,None,train
train/None/decade_92b4d73959ea77e327b0b66db6fe00a8.jpg,,None,train
train/None/decade_c4860911a74558241b907c9075e7d8cc.jpg,,None,train
train/None/decade_67ea5a36964b5361ad12927557e0c7de.jpg,,None,train
train/None/decade_889b0898b2c624a141ed009341ff6b88.jpg,,None,train
train/None/decade_31ba851eecc61d194417c1778cf3d3b2.jpg,,None,train
train/None/decade_e966ab65e704adeb640bda608cc21a8a.jpg,,None,train
train/None/decade_c06246e7ca878135b3e3e4d2f7984e04.jpg,,None,train
train/None/decade_e7fd09dedc1a38ef21c235f07e6b6a73.jpg,,None,train
train/None/decade_da430a8a36613c31e50e5ba380fac121.jpg,,None,train
train/None/decade_fa0d538fcc1bc2ac178653594375f69b.jpg,,None,train
train/None/decade_2f80002204205b993cf10595a510f7e8.jpg,,None,train
train/None/decade_02b443e9472ff1fb629a0bce4ca1f179.jpg,,None,train
train/None/decade_d5fafb927e3a667ff22061dba0db3898.jpg,,None,train
train/None/decade_893d60630f61af79f09ac6cd7895b8ae.jpg,,None,train
test/None/decade_c760d6879fc872e01403be121003df33.jpg,,None,test
train/None/decade_f788ab6c740c7e2ccc2d5e6362c1722a.jpg,,None,train
train/None/decade_7c675c7b3eeb20c284685bc6621de37e.jpg,,None,train
train/None/decade_3460992b4eb3177d4c8a11f07f613e48.jpg,,None,train
train/None/decade_f47cb8a31c1e7f5de282635468c6bda0.jpg,,None,train
train/None/decade_c05297115a29b8a149daecd66e455b70.jpg,,None,train
train/None/decade_f96045ddd369b314a9df8f549b4bd785.jpg,,None,train
test/None/decade_3ef4dd3c7c7ea313de79d5dc1891f8b8.jpg,,None,test
test/None/decade_d2c11f4462b461d9dae80237a837635f.jpg,,None,test
train/None/decade_f46f0384d4bc8064778b33867f8b59fc.jpg,,None,train
train/None/decade_e644be7cfb55376ef1ad4db90687c7ef.jpg,,None,train
test/None/decade_f2f55bf77e75529a4ec3f1b913de427d.jpg,,None,test
train/None/decade_301cc80aedf247cca18f23cdde8f5b53.jpg,,None,train
test/None/decade_2211f49b960d50ae6076d3c7a19092db.jpg,,None,test
train/None/decade_08fa3cecf76241fc79f037b81f42d1cc.jpg,,None,train
train/None/decade_e2176d461f41bb41a6a960802b9bf14c.jpg,,None,train
test/None/decade_0ad17f11ba0f45aa1bdd34148f947ba8.jpg,,None,test
train/None/decade_66c5dfa087097083b4a98b82ffcde6e1.jpg,,None,train
train/None/decade_d02855b47d27ad37433786da3e5eee8f.jpg,,None,train
test/None/decade_794fdc2ba313981586bb3fa5e2c8a343.jpg,,None,test
train/None/decade_97d0960b48bb70ae15abd7eaf4b668ef.jpg,,None,train
train/None/decade_ce93b8e0d6792e70e581d5c7ec03262a.jpg,,None,train
test/None/decade_f8c83dbd77ce8da16898134e3064cf1d.jpg,,None,test
train/None/decade_862d40036a9003400679f89f19a46cfe.jpg,,None,train
train/None/decade_bb6d40f9154a68f606d42d077531565c.jpg,,None,train
train/None/decade_02b2b417ec1d2796938c2bd55bf8850f.jpg,,None,train
train/None/decade_7bdd59ec2f28d0178994147777e4938c.jpg,,None,train
test/None/decade_48a7733b01c02d5c329007af264e2aa8.jpg,,None,test
train/None/decade_b8fb24d31f7e589a0dceba3c376d1d65.jpg,,None,train
train/None/decade_76692c4ca1e7e9ba3c90862b9235d7cb.jpg,,None,train
train/None/decade_bb5f426b55716bb8329fd5b16c88b79d.jpg,,None,train
train/None/decade_078c6fdb995ae9fb380e113a2cd29786.jpg,,None,train
train/None/decade_0b0c7ad9e0abd2863870d2e725d19fe5.jpg,,None,train
train/None/decade_e4228d50c1b151cf496f378f657c7bbc.jpg,,None,train
train/None/decade_f645d08b4cd8577f8968acd70c7afb55.jpg,,None,train
train/None/decade_d11c4e25b0b7636f75d2d259e53bc25e.jpg,,None,train
train/None/decade_f0c646590a348ad5f297f5819f29b56e.jpg,,None,train
test/None/decade_29c60538ccc7ebfff2e1bfe65e596e2f.jpg,,None,test
test/None/decade_50f3e40599e6b3f3d365d3efadd41923.jpg,,None,test
train/None/decade_bce3b9c93521a15020c806a672afe931.jpg,,None,train
test/None/decade_348d60f157e758bf9f456741e0d6089b.jpg,,None,test
train/None/decade_7280ac66528a6a0bbb075751150f96ea.jpg,,None,train
train/None/decade_2fb1a532bc312bc1405b4b454855b9cd.jpg,,None,train
train/None/decade_bfc6fb703dbc8d2bb94d8a35974153c2.jpg,,None,train
train/None/decade_e2cd1d87080d2525125f3bc6d320e302.jpg,,None,train
train/None/decade_640e6a2b0c866ef60dbcebb9941fdbf0.jpg,,None,train
train/None/decade_102bab20f6d6f509f3b1e9cac25dafa2.jpg,,None,train
test/None/decade_89a726bcd37ab33f1c59dd68f8634046.jpg,,None,test
train/None/decade_16c7582170d1753354040d187ca870c5.jpg,,None,train
train/None/decade_987da2920357be220d0456c07c75f572.jpg,,None,train
train/None/decade_e7bf8c8c110685881d8f20383b6761bf.jpg,,None,train
train/None/decade_8ee8b778069a4cafff9670aa19f857c7.jpg,,None,train
train/None/decade_24f37d0077e6e01b9be842eec13bec41.jpg,,None,train
train/None/decade_f4b875820f93dde3bfbe17b670b528e0.jpg,,None,train
train/None/decade_1aae9604bf310c5f9c33031bd1f9399a.jpg,,None,train
train/None/decade_85d00761935ee0b78958fa3adea83cbf.jpg,,None,train
train/None/decade_aa38b84997dc1d668dd6abe4804ae6e1.jpg,,None,train
train/None/decade_8227c2017d199d6f590aa0a22da468ca.jpg,,None,train
test/None/decade_d2f5ecd5dc9045419f6f2aa4364df09c.jpg,,None,test
train/None/decade_2c2c2c93e76d7f3713dd8499afde4cdb.jpg,,None,train
train/None/decade_3b28fe614bbae29008538d4b02288379.jpg,,None,train
train/None/decade_fa9d18f49c1ba6833b1a74f554313566.jpg,,None,train
train/None/decade_e7423eed744a4b029b30d5215a3f3e9e.jpg,,None,train
train/None/decade_d6563e5925d5c8c490b22c9b21e68d2d.jpg,,None,train
test/None/decade_28121f0f6dfcff573efa163d78ce8b44.jpg,,None,test
train/None/decade_01eb58263bd6e2c417a358b3f4c5f291.jpg,,None,train
test/None/decade_67fb542cefd69d2a4dbd2d2a887ce2db.jpg,,None,test
train/None/decade_0c32ea0cfac3ce3e0b5afb6781821442.jpg,,None,train
train/None/decade_71765c6035625126fd0260788c2016d7.jpg,,None,train
train/None/decade_f8ce81c4c0e22c699336a09ffc2bf113.jpg,,None,train
train/None/decade_32f92ca859e8869c5c98da213f5f409b.jpg,,None,train
train/None/decade_792cdbe9f04a3e902968c26a857de3e0.jpg,,None,train
train/None/decade_7848fd89876a8096b68f7cf54f919478.jpg,,None,train
train/None/decade_e40b1c1f8dc069b6b4129cc381b5a606.jpg,,None,train
train/None/decade_f2c7a8e13914f8d0bdbb99b11d240aa4.jpg,,None,train
test/None/decade_38d2b76af203b827abfc0632fd2cce37.jpg,,None,test
train/None/decade_96c175ed8254f842476671c1a8617fb6.jpg,,None,train
train/None/decade_efcd545a846de3842e4a6966d2f7536b.jpg,,None,train
train/None/decade_db8c908a3cda82643465baeed7ddd7e9.jpg,,None,train
train/None/decade_a9ef9ebe0afab69a36ef485eb1e2c4e0.jpg,,None,train
train/None/decade_0206319f6b841e71015abf4dbda65b44.jpg,,None,train
train/None/decade_d9fe2e43dce0a8b5364f0aa7df5fff3a.jpg,,None,train
test/None/decade_04c2821c4c12990d1bd30e58474f1b32.jpg,,None,test
train/None/decade_8ff93f409834ca4d0d07effe65ce7895.jpg,,None,train
train/None/decade_33dd455be413deb96751fa5e1a440ab4.jpg,,None,train
train/None/decade_e28eda2ddc90a0d3965d1c3a9cebf823.jpg,,None,train
train/None/decade_6ca3924aaa097ced9dd6606be7aa1915.jpg,,None,train
test/None/decade_5745048dfa08de8fff2e6a8c0e20004a.jpg,,None,test
train/None/decade_f275eae45016932e9cf89c1f29e4c868.jpg,,None,train
test/None/decade_46e085de50b6d9fea1a8e6b46baabe5e.jpg,,None,test
test/None/decade_9fe34952a0063ce5fab99ed78a44b1b8.jpg,,None,test
train/None/decade_832255ad3d2b551597ad5bde5f8b9efa.jpg,,None,train
train/None/decade_de901ddc27e675f58c4d692f9df13e7d.jpg,,None,train
train/None/decade_92fff4c0c97454640cc049cea836a73d.jpg,,None,train
train/None/decade_6b214841000df4281eccc89eda8eb6a4.jpg,,None,train
train/None/decade_3fefbf194c4e163bea9087faa981c475.jpg,,None,train
train/None/decade_cb69f21ae1218b64b95a8a3e5fc1cdcc.jpg,,None,train
train/None/decade_e1d64c13756e1aea5b8c4cceb7e1840e.jpg,,None,train
train/None/decade_9456d294b09fdc7a75de0aac48a4c5d2.jpg,,None,train
train/None/decade_b22f2e6c1740d51afe36b4d8d248d041.jpg,,None,train
train/None/decade_05d3161b4350cc109bb598da341f7ac5.jpg,,None,train
train/None/decade_091cf2be350fea151ff5ed3b92fd240c.jpg,,None,train
test/None/decade_4cbb41b31cbd74f437b2f63cc667ee4d.jpg,,None,test
train/None/decade_6e2f2e1442e122f686130a923e85ff2c.jpg,,None,train
test/None/decade_ce23aac723a3ae8dc3393e3e5f31b604.jpg,,None,test
train/None/decade_c5010fb7bcb1a86f1bef0b537979340f.jpg,,None,train
test/None/decade_c7a143bdb0f687e36b470dcf854a44c9.jpg,,None,test
train/None/decade_da961bb8ffe25457a4321c92b88c59d8.jpg,,None,train
train/None/decade_c7f8eac04dfdb86274e7071bab5dba1f.jpg,,None,train
train/None/decade_20b0ef0469a6f0a8a1c0a8795a350a7e.jpg,,None,train
train/None/decade_32bc14c57deae343f7d1e09dd5e7ffac.jpg,,None,train
train/None/decade_8db020f04885cb33a16066258ba4f81c.jpg,,None,train
train/None/decade_0241dc2ea5ae4e4aa7262d36afed4853.jpg,,None,train
train/None/decade_1715a661e3e2ba0b2cbb0228532543fb.jpg,,None,train
train/None/decade_0b83ad14efa335dbc0942a0b266b2a29.jpg,,None,train
train/None/decade_f6d31f63b186dc0c3e0e741672e88096.jpg,,None,train
train/None/decade_e3e8f7733c5a5d21eebc95c0ca1959d9.jpg,,None,train
train/None/decade_f5389ef0d4fe7cece5cb11f723eb9323.jpg,,None,train
test/None/decade_f49d2122fcbb3f8857894f7127b45125.jpg,,None,test
train/None/decade_aaac6bd6bd46da4edfef29cc4e91b9a1.jpg,,None,train
train/None/decade_d974b5095b04ef60ab368c9bb79aaca7.jpg,,None,train
train/None/decade_7ead9a67b725b787aed5040c2f1421da.jpg,,None,train
train/None/decade_3a0428c76871eefd8d76a3c8a6f13d0a.jpg,,None,train
train/None/decade_c41480b8241f0333201f561307c1c991.jpg,,None,train
train/None/decade_f3bb5ccb6f93eb76c136f7ea199d7ad0.jpg,,None,train
train/None/decade_e5ff77ef151b1f2304ed2a4df0f965af.jpg,,None,train
train/None/decade_8b4c9e295248a70eabd66875879a187f.jpg,,None,train
train/None/decade_847aaba75ab6fae153b89bac6f212418.jpg,,None,train
train/None/decade_a1fb6cd86a26f99e4b69ebdd1a1c6c98.jpg,,None,train
train/None/decade_d006219767afe71f96917bb29d82ebb4.jpg,,None,train
test/None/decade_3076cd8e343eed87c34e317ba0dcaa6b.jpg,,None,test
train/None/decade_d02b0579bd5f4e43d74755d26dfb25ee.jpg,,None,train
train/None/decade_a7454d7055892967cf780ef410ef9179.jpg,,None,train
test/None/decade_1887aeac56bfff71c070c4ed36770edb.jpg,,None,test
train/None/decade_36625c3e5cf94b8539460e762612539c.jpg,,None,train
train/None/decade_0823136a6683ee114aa02ec2dae4a9d2.jpg,,None,train
train/None/decade_6f2d35af2bfc4f96de86290b507fff81.jpg,,None,train
train/None/decade_bdc4b269c8314141abda6aad005edc9d.jpg,,None,train
train/None/decade_80e931362f7133c3325a5dae4879718c.jpg,,None,train
train/None/decade_7093d6213e90e676741b68c8d78c4a4a.jpg,,None,train
train/None/decade_42a0e1e33aa2819570640c3ac3a43d6d.jpg,,None,train
train/None/decade_f4d6af6941b4e2fb3d2a033a478b71ec.jpg,,None,train
test/None/decade_a29358936308cfbc094fd69bb0d7f47c.jpg,,None,test
train/None/decade_34baa3230efc7eb7756839456b8290b9.jpg,,None,train
train/None/decade_f71c9cef1cdc6fd0890fd5b3c93b932f.jpg,,None,train
train/None/decade_03515393780b31edabb48dd666b146fc.jpg,,None,train
train/None/decade_e403506201ba74f9ad436f5d471ecd08.jpg,,None,train
train/None/decade_fb33078bac003a86c35d139d5cad9394.jpg,,None,train
test/None/decade_3f5dbedfa4bb58b51b5228f5b6cda024.jpg,,None,test
train/None/decade_3037b66ef2eb42e5a83917abdf076f0a.jpg,,None,train
train/None/decade_929471888be4eb2fc016fdb5bc501c58.jpg,,None,train
train/None/decade_8dea3ce5c6d9790f5e89fe5c72391f42.jpg,,None,train
train/None/decade_65c1a49d65448621617b0bed54520e8b.jpg,,None,train
test/None/decade_c01e38c820d3acdd5f985a45b8646d8a.jpg,,None,test
train/None/decade_cdeb39779a9b34279006b139e378d78c.jpg,,None,train
train/None/decade_73b5d61bd459132a5f97704cd5199848.jpg,,None,train
train/None/decade_d3c6648478fe49ef32cb1580d4457c32.jpg,,None,train
train/None/decade_7e4447808fcec12246ee64379e9769e5.jpg,,None,train
train/None/decade_4a3ab7f0d5875c88ccfca5195c6c737f.jpg,,None,train
train/None/decade_e3bb693c7c84761c4c1b9a7ae6089067.jpg,,None,train
test/None/decade_f64a3110c25fe581c41179162919f199.jpg,,None,test
train/None/decade_c23b6cb3759320cb48da6534b0966f3a.jpg,,None,train
train/None/decade_0b0710012f0eca3a6c28ed5d97a39ca4.jpg,,None,train
train/None/decade_3cd819857958766e347faade1014de0f.jpg,,None,train
train/None/decade_3243c4489a65f1d653b6f4dad87fb0f4.jpg,,None,train
train/None/decade_dad9924a488c5da9eb865b3bfdcf85f1.jpg,,None,train
train/None/decade_bf5133710ab2aeca82405ff65dccce36.jpg,,None,train
train/None/decade_76782403dcfed118f7419a070ed39bf2.jpg,,None,train
train/None/decade_eeab3f7522e8861e9bc42f47635743e3.jpg,,None,train
train/None/decade_e4a00f1aeb307d5c3eb1c0179ed6b332.jpg,,None,train
test/None/decade_8eab517ab2930b48b4b355e61c6c2c32.jpg,,None,test
train/None/decade_0c6f9998168d478e002f54e54260ad7f.jpg,,None,train
train/None/decade_9a72101376a894d041d91cefc6de3a93.jpg,,None,train
train/None/decade_1176a2a7fee4d3380ecd936378ffc6f2.jpg,,None,train
train/None/decade_2712f4c56cec003fbc34f2bcb68a55b5.jpg,,None,train
train/None/decade_1feec77dcbe90f675f0ea8ca8b9c560f.jpg,,None,train
train/None/decade_1234fc1ce54d5c5907b4b21f9fde7024.jpg,,None,train
train/None/decade_28270cdd7d970eb8168938a3d0623e3f.jpg,,None,train
train/None/decade_4712af56befe78d97bad6df1a4665784.jpg,,None,train
train/None/decade_21cc853f86c1b314fe8b73e6a13ee755.jpg,,None,train
train/None/decade_7d7f2db221abeb5954418a8ad4ef2a61.jpg,,None,train
train/None/decade_d9ed4f990a89c7284beb2a80952e90b7.jpg,,None,train
train/None/decade_0ff5a48b26b09704bcbd0fa042c7c074.jpg,,None,train
test/None/decade_5878e7262d3a2bcd7d42c6f9cfa65e07.jpg,,None,test
test/None/decade_adea65fbb27bcd922eeebe1c1d2f00b7.jpg,,None,test
train/None/decade_c3581fdb917fadd3003f16b9372e5d56.jpg,,None,train
train/None/decade_ef6b1d12a1c1a41a83e2245cd9a7ba82.jpg,,None,train
train/None/decade_f39c15b2514be5b183565a951fae3a41.jpg,,None,train
test/None/decade_fb23aff2b99239e93cacb08e2f0e56f1.jpg,,None,test
train/None/decade_52e49dbd6db17cffdc212a05f3e1fdf3.jpg,,None,train
train/None/decade_1d4354e2db5b5f634bde44d85f05faad.jpg,,None,train
train/None/decade_f39748849a6821a9453998c69f5e19e4.jpg,,None,train
train/None/decade_efafa7f33f5782a10fe89b1b1b425d3c.jpg,,None,train
train/None/decade_50bb0d04b02fefdffa1dc1275d82ad0d.jpg,,None,train
train/None/decade_5bd64c00eb99f13dd229b7fe39e1f815.jpg,,None,train
test/None/decade_2a1f696d6c95bb0e3d4e7a9e95f6d72a.jpg,,None,test
test/None/decade_9fa1c98d38568a0939a9e273df721b2b.jpg,,None,test
train/None/decade_0f9ce8853321ba3b3cd90a70e601c163.jpg,,None,train
test/None/decade_02fbdc4124bc5f02d30ece1fefb75b7d.jpg,,None,test
train/None/decade_0891f0680fc9444cb8f47f27bf467491.jpg,,None,train
train/None/decade_9ad54dd076046ce448ff2aa477f54314.jpg,,None,train
train/None/decade_67daaf23f08880c300a35f8853f2fa41.jpg,,None,train
train/None/decade_fd67bb40dfa0b5e8db29e101c3828b0c.jpg,,None,train
train/None/decade_119a427fa1fc5873918cb8a4c8681eb7.jpg,,None,train
train/None/decade_b5d948c5634dd9399a9c65d12575b249.jpg,,None,train
train/None/decade_0fdcf20d4db71d41db05e985bac4d49a.jpg,,None,train
train/None/decade_6b6c8c4d41a310b537a6e4bde35c8e4b.jpg,,None,train
train/None/decade_8cbf1803717a28c0c18af465f5ef9a02.jpg,,None,train
test/None/decade_f0c5b0bfd48f7f729d8ea12ee921c719.jpg,,None,test
train/None/decade_2c91842fbd2d2f5831653bc47b99c544.jpg,,None,train
train/None/decade_63e224cd37893f80f948ecd4cc58f699.jpg,,None,train
train/None/decade_60f65532aad704a07f9ab05e3a5bfd68.jpg,,None,train
train/None/decade_351265fa167396993901f6448de40418.jpg,,None,train
train/None/decade_23e2b1f64e641b350f6b6b997b663d06.jpg,,None,train
train/None/decade_dcc6b3fc49104991f16c2540e664ed42.jpg,,None,train
test/None/decade_7e1616be2e5d6f9eed6ffcd3f9cdc57d.jpg,,None,test
train/None/decade_3a26333ed3ee1466edb6352dcd5614fa.jpg,,None,train
train/None/decade_249f0a8bb47a24f1bdda7f91bb6f71fa.jpg,,None,train
train/None/decade_c65736f279d98bc1ab9d309c76465b44.jpg,,None,train
train/None/decade_0f511f51ed01935d8b78645614b000d0.jpg,,None,train
train/None/decade_6bb88fd9cdda135ef2d9d335a3581e69.jpg,,None,train
train/None/decade_aefa96a853f86e9bf17b9a9bf323c7a5.jpg,,None,train
train/None/decade_39d1d44de4b4634e56ad4d5a161a4d90.jpg,,None,train
train/None/decade_6a6accf286cf316308d44c07dc06e7fb.jpg,,None,train
train/None/decade_1f035946f622c4be22a5c06d57e27a5a.jpg,,None,train
test/None/decade_d9ed24e9488c370c49e3b8c6cf3eb2ea.jpg,,None,test
train/None/decade_a9b5753ee5b0d9b50adf8148f4195672.jpg,,None,train
test/None/decade_4457369f8ce96ab3a17d4ce506940cd6.jpg,,None,test
train/None/decade_30e19008e78a1a753666062df9d104db.jpg,,None,train
train/None/decade_26c7870d079ee0b8c0aa2f9717191a90.jpg,,None,train
train/None/decade_9c246fe8edced196ec3014bccea4e297.jpg,,None,train
train/None/decade_81bfcbdefce19c34f056096a422cd058.jpg,,None,train
train/None/decade_7b76aed046222b61da5bb19f0212605f.jpg,,None,train
train/None/decade_40779e23281e97ca9ce17c189e374c44.jpg,,None,train
train/None/decade_ef1e4edcfc9058030c235252ede31e6f.jpg,,None,train
train/None/decade_8b600dff6be6e89caea30b20305da530.jpg,,None,train
train/None/decade_feb76c91d174644e6d9e754010451655.jpg,,None,train
test/None/decade_83fb48fcf553b00614ddb5b27365ee7e.jpg,,None,test
train/None/decade_adf78fcf441c66262340e60fa37671c5.jpg,,None,train
train/None/decade_014c22ba92fa4ff472f7612764ef0fd7.jpg,,None,train
test/None/decade_ceea077ad4602873b6c7f711f4550254.jpg,,None,test
train/None/decade_38b5096853fa7ed8ceda4ec958f0d8c7.jpg,,None,train
train/None/decade_29da087197fa84547bdcc80f9aad9256.jpg,,None,train
train/None/decade_c2a61872e42b8a7634882b3bfbe48204.jpg,,None,train
train/None/decade_b99f86c29de531dad180784f6791ca5f.jpg,,None,train
train/None/decade_683c108fe74421b37fb292b221209b43.jpg,,None,train
test/None/decade_03f748b1dacba3d1f65fc4a9fa85c49a.jpg,,None,test
train/None/decade_ea3f12b6a01d1a175a65abead8573d19.jpg,,None,train
train/None/decade_307739d5993c833fb57ce352fcb02905.jpg,,None,train
test/None/decade_e3c3eebe671b5a0aa6353934cd04943f.jpg,,None,test
train/None/decade_42059a5fa69357a864c66726a50252da.jpg,,None,train
train/None/decade_ad892afba5d034b635057da0a44937e4.jpg,,None,train
train/None/decade_60198aa1ffe87a846e33dec57a6e7678.jpg,,None,train
test/None/decade_0371cd06606d6982008f773627157a11.jpg,,None,test
train/None/decade_b64386b24c19d345fb1b1d8ef2137f21.jpg,,None,train
train/None/decade_d262f00779d73f44067989e0ba2a9ee2.jpg,,None,train
train/None/decade_45b5b78db7d743fdb593930cc322d1a1.jpg,,None,train
test/None/decade_03f0fbd626804df99606744cdc113b33.jpg,,None,test
train/None/decade_2ab9c2b58532058189afc9b822783649.jpg,,None,train
train/None/decade_438d1984459531492e16d213faaf13ae.jpg,,None,train
test/None/decade_a4618a81099433fd7104cbb55aa2a807.jpg,,None,test
train/None/decade_739b28ed7d19d70cbd59e75728dd6352.jpg,,None,train
train/None/decade_c49385b0cb0a54c7a1daaaa3ec45f0d5.jpg,,None,train
train/None/decade_a2d877750322759bfceb0758bc0e4b85.jpg,,None,train
train/None/decade_eb2cc381a01cc77162f838bee985d7a1.jpg,,None,train
test/None/decade_7a1d618cb467830ce30b4fb60f3afbe9.jpg,,None,test
train/None/decade_3f7e4d170768d39aa0df6d0915ec7c6c.jpg,,None,train
test/None/decade_8e21b2c6a5e2fab7f23356d24fb9c5dd.jpg,,None,test
test/None/decade_5195fec55eb32ee695a17c1d8dede802.jpg,,None,test
train/None/decade_37eeb18321389cb4b907ba3be77eb53f.jpg,,None,train
train/None/decade_3fc571db03165559a4cb086a2910732e.jpg,,None,train
train/None/decade_000ca9cf53c64ba6ab26610594f703a0.jpg,,None,train
test/None/decade_d3e59a87e673d5a4c9eee8c84a6c9b12.jpg,,None,test
test/None/decade_74e5cbbb5a34f3633da69d62e6086137.jpg,,None,test
train/None/decade_fa1154a501d04dd2ba02579beaba1f90.jpg,,None,train
train/None/decade_3a0e3f7e62f2c870837172b97bd3036b.jpg,,None,train
train/None/decade_6145720bd7cb11e54a4c720272b84ff5.jpg,,None,train
test/None/decade_e3ecd1a29bdf28cdf678b4656ca79d12.jpg,,None,test
test/None/decade_17986e0d0ad4a3adac5c85c5c70f32fe.jpg,,None,test
train/None/decade_2b16a6f9d54783c2b1083cad94aef070.jpg,,None,train
train/None/decade_5a8a958e130ab07e342e81385cfd0eb0.jpg,,None,train
train/None/decade_c3180664ccae3b10fdc64ab34c80012f.jpg,,None,train
train/None/decade_6f4395b32cca370d95ce4a2ed5039a9a.jpg,,None,train
train/None/decade_7335b10d91cdc62a7e7ac8c4d3ad8de3.jpg,,None,train
test/None/decade_e6b59fe4571c1ea76ada006676432ad0.jpg,,None,test
train/None/decade_08d69f31ed8733cced042e3c2fc32a42.jpg,,None,train
train/None/decade_3c29f92515a4c0c7bf481cd6b86cd2ca.jpg,,None,train
train/None/decade_ef6af4083581b6fafac5e76a27b6afbf.jpg,,None,train
train/None/decade_954fa17c0608d125e41b1107a95cdb04.jpg,,None,train
test/None/decade_be21daf64d4530b3de9e71c338898444.jpg,,None,test
train/None/decade_1187610cdc52c0b5aaf03fd444cbb504.jpg,,None,train
train/None/decade_9097fb98b60bc40d9978bf722818e270.jpg,,None,train
test/None/decade_60f7045af57b8d0a7b4d3210d7e35b9f.jpg,,None,test
test/None/decade_036fb53d4b94a7696b476273ec735a5b.jpg,,None,test
train/None/decade_4bc4e05e43d6cebd79d12c692540b6e0.jpg,,None,train
test/None/decade_ac7197a3d4c8e094a15e36f8ec03b989.jpg,,None,test
train/None/decade_937abeaf178152440d00aa170a5be78b.jpg,,None,train
train/None/decade_c4e7dff6282a79f980368e4d55b880f9.jpg,,None,train
train/None/decade_970c3e6bb44827666d3ad2943d4b59b5.jpg,,None,train
train/None/decade_884c00d2e3b58c2b4c4fadb3de2f5228.jpg,,None,train
train/None/decade_5e69a53fef05616b02b34a503bb68401.jpg,,None,train
train/None/decade_bf3dc99cbda6357af22bd50a3c922aaf.jpg,,None,train
test/None/decade_71984b6f7b7a492ff8cca426904b7968.jpg,,None,test
train/None/decade_3b5b6e83d17cbd1dc4bf060c65a960e5.jpg,,None,train
train/None/decade_b2d0fc1419235c160fa4e5ba277dea73.jpg,,None,train
train/None/decade_97f6fa4f39c58c7fc57232964156f228.jpg,,None,train
train/None/decade_e4e14ff1c92a462947eb440ef38e48b4.jpg,,None,train
train/None/decade_af5d75cdf6f35e3f10680e2865435f6c.jpg,,None,train
train/None/decade_bd5f234fd99c993f858c72e2caceabda.jpg,,None,train
train/None/decade_dd604c848ae6a661a7040f07ce7af0d9.jpg,,None,train
train/None/decade_e1a2de0be53133b8ee5080442c002d4a.jpg,,None,train
train/None/decade_44ec056956afcf1f6c42af8181f372ca.jpg,,None,train
train/None/decade_f854c8d1088e73254d9147b4ddd2f4b3.jpg,,None,train
train/None/decade_d194b7a2c7c203cf96d1f805f32fa4c6.jpg,,None,train
test/None/decade_69c53fe2f5042327775abeee064095ab.jpg,,None,test
train/None/decade_16c881e7696ec1ee422cd51ace987ea2.jpg,,None,train
test/None/decade_2ddf9567a73642961ba5d09e9f6d41b4.jpg,,None,test
test/None/decade_5df33ca6974943d3794cd9b3e6d1818b.jpg,,None,test
train/None/decade_2e46af67415fc8cb2bf68b903fd47eac.jpg,,None,train
train/None/decade_7ef57460ea3894ea037ad09c9abe582c.jpg,,None,train
train/None/decade_54553b87490af8a6ebd04afac99776b0.jpg,,None,train
train/None/decade_b0ade811141742dc214a40d06fcf2d2e.jpg,,None,train
test/None/decade_afba8e83991e4b775913731251666831.jpg,,None,test
train/None/decade_7fed5066eef96760dfe697591e8799f6.jpg,,None,train
train/None/decade_4f52fa598d08c93e6e7f24aa6cd87baf.jpg,,None,train
train/None/decade_31f0d5c1e6a9b3e55d632c545dbf5e04.jpg,,None,train
train/None/decade_769a9d7dc505886e03ac199e87bf0300.jpg,,None,train
train/None/decade_5fc713a186a7e92d850f614b7034a87b.jpg,,None,train
train/None/decade_3bfd247c258b12366772f8c912bd0762.jpg,,None,train
train/None/decade_c120db7ca6df016f5d8f354e641f8e1e.jpg,,None,train
train/None/decade_6711da98a09d4e76d69758455f94717b.jpg,,None,train
train/None/decade_0134f3d824399590ba6f5b83fbaa0625.jpg,,None,train
test/None/decade_d466dac206f67b6e2cf593d2beb2c54e.jpg,,None,test
train/None/decade_9a8dc860ae8164cd8c20c620e52e8306.jpg,,None,train
test/None/decade_7825564392fcfce57a57710b087ee533.jpg,,None,test
train/None/decade_3b61a0b108034ec101ad1665eadb1c3c.jpg,,None,train
train/None/decade_0e962ded620508a61fc0500ae05ade1f.jpg,,None,train
test/None/decade_57c4846620782e1d67540e78a5040384.jpg,,None,test
train/None/decade_0708b3415c07bc39230add3b5b37a8b9.jpg,,None,train
test/None/decade_51821de88c09f4aa670cbfd95d1dd139.jpg,,None,test
train/None/decade_d16fee576e8213a57171af90af89d8ae.jpg,,None,train
train/None/decade_ebf7e20372b2c5541779cb8fd3638e62.jpg,,None,train
train/None/decade_5b5e70ad63d653e3ec06e2c09660590f.jpg,,None,train
test/None/decade_544ec317825a32eae4d4228b84366de4.jpg,,None,test
train/None/decade_bfce91adfdeaf5590c493440cb5fe475.jpg,,None,train
train/None/decade_9282a6dee1a51634acf854e074d2f9e0.jpg,,None,train
train/None/decade_673df312b4c7f5199c91400bc5fbe122.jpg,,None,train
train/None/decade_2106711235b4335e77756f8cf95db075.jpg,,None,train
train/None/decade_032326018d80f9407b9e5a764b6348c0.jpg,,None,train
train/None/decade_cd42141eef25eab1719b68443ee521b1.jpg,,None,train
train/None/decade_c9325f3fbb590709eb678516d4dc3604.jpg,,None,train
test/None/decade_6a980ba3041bed60a1014ef18ac9b732.jpg,,None,test
train/None/decade_e0fdac1ed91d08b9ab084c9c59ae7026.jpg,,None,train
train/None/decade_59d4678402c860fd9cac03335fce4e24.jpg,,None,train
train/None/decade_25f26b719ebc9a33f2a6c2c39f51fe71.jpg,,None,train
train/None/decade_b018d195bc3193142ad12816e92bfcd1.jpg,,None,train
train/None/decade_3a2248cfc583baf6cbfb8f815dd23193.jpg,,None,train
train/None/decade_20972c402bbe90d221c3d5ba7518a483.jpg,,None,train
train/None/decade_62f541ff9d4927b80aeb10969f4218bc.jpg,,None,train
train/None/decade_130e3e2b28ed4048355e25a11454128c.jpg,,None,train
test/None/decade_08e1dde4c7b23a7343ce0d7b10ce98c6.jpg,,None,test
train/None/decade_e51ea1792712085800fcccb6f88656c8.jpg,,None,train
train/None/decade_fc1bf22fdc5dad2733a1a795ce5c10ac.jpg,,None,train
train/None/decade_ae23f3a920052e904b84192245d48f16.jpg,,None,train
train/None/decade_083ef9e18f4a4b0a6d1a4ffad9cb3e73.jpg,,None,train
train/None/decade_344436f9d9b8e7064f6e8a2ff747189a.jpg,,None,train
train/None/decade_b166b34306e5fb3b1e966cfc0c3b9057.jpg,,None,train
train/None/decade_86967464810f6994e6f1d8b9253bde4c.jpg,,None,train
train/None/decade_319639847a327ba864f8dde6f3dbbf59.jpg,,None,train
train/None/decade_41b5c93d1cb9e68a9d9645667f28b153.jpg,,None,train
test/None/decade_7c2d1186afce3056f9885b36f0e3894a.jpg,,None,test
train/None/decade_a9b7e4f316d1ff84a6cc34d29dbb12bf.jpg,,None,train
test/None/decade_40407149035ce2304f22e7a72418df24.jpg,,None,test
train/None/decade_9c8ffcda3ede90ba17224c311a62474a.jpg,,None,train
train/None/decade_009a00d1654af26ee1ddbee64123484d.jpg,,None,train
train/None/decade_8d1db0cee5d37b8b14bc9bc61a1dd2fe.jpg,,None,train
train/None/decade_c62834d614e7728b1be49c7ff96dccd7.jpg,,None,train
train/None/decade_ccede50f64c6adba5f47f07d1d2adb9d.jpg,,None,train
train/None/decade_42ab6660b2eaadd9790b98ed785a52ad.jpg,,None,train
train/None/decade_2cbbca2bf90f3f0b81ba3459b25f20a4.jpg,,None,train
train/None/decade_140f9aee1563e7290e11b9bd47dac23e.jpg,,None,train
test/None/decade_fcd1c632775b9fdb98954c55f477c4d1.jpg,,None,test
test/None/decade_ab86ca78ec0435a33864ba3a9052c50b.jpg,,None,test
train/None/decade_230cbcdc29b3325146e3d06e799746ce.jpg,,None,train
train/None/decade_002c3d888f5951ea58b21fac014950d8.jpg,,None,train
train/None/decade_32f3bc5507ed80bf116d6b5e1ea8a0f6.jpg,,None,train
train/None/decade_3497080db13258f33c7af850b60669b5.jpg,,None,train
train/None/decade_f024841d8cf780acdda256784fe605db.jpg,,None,train
test/None/decade_8aa74fbaa634f7506419ce8f55dba86d.jpg,,None,test
train/None/decade_463947477e264c992fac0b435d5d9405.jpg,,None,train
test/None/decade_698b221cdd1751020aa357c0307873d2.jpg,,None,test
test/None/decade_d981f1a1503499e2eeecd7eebe52a180.jpg,,None,test
train/None/decade_45dad2aaeab442805452aac2eafc9b62.jpg,,None,train
train/None/decade_7f0a50566ca23686e60eaddd00defaa9.jpg,,None,train
train/None/decade_1cb713f9236ddd3555da0c6275f40258.jpg,,None,train
train/None/decade_f6a8d814398878d09db4d0c0292c7892.jpg,,None,train
train/None/decade_24b76e7bdf19fc6cb9f7ba766376b9cf.jpg,,None,train
train/None/decade_102a3b4ff6fe2fcdfbc603d53a29c4eb.jpg,,None,train
train/None/decade_1f44c5b29b531b43c05e48227e68adc7.jpg,,None,train
train/None/decade_576038af80463870a7e711c9b6eec0c7.jpg,,None,train
train/None/decade_402f967bb740242571a2d71aecf255f9.jpg,,None,train
train/None/decade_e630815551f6b244e1abf7eba357d44b.jpg,,None,train
test/None/decade_f3dfebbf052ae5193fe0cb91db09745f.jpg,,None,test
train/None/decade_c403f4226fe73c7ffd21d5f7114fe559.jpg,,None,train
test/None/decade_9a766fc2a266aa9791d1f639a8effbfa.jpg,,None,test
train/None/decade_ed9e4c1bc3ac5d4f310bba0c28cd4886.jpg,,None,train
train/None/decade_ae9895c95987858139df0eaf80a8c7be.jpg,,None,train
train/None/decade_10d07165477d0fab066bba2e5f757a85.jpg,,None,train
test/None/decade_3847d4a570ce5f45221c2f6501a6038b.jpg,,None,test
train/None/decade_586eb51eef7d01a37ac66d2429282c2c.jpg,,None,train
train/None/decade_632762c4f635641e5061df598b8cbebd.jpg,,None,train
test/None/decade_8d29c20ff28fa71addd1c8f3383c5770.jpg,,None,test
train/None/decade_f9cf892f14ac07f6dd946c61b575b961.jpg,,None,train
train/None/decade_f7558e2c95620c4ea83c19ed9511e02f.jpg,,None,train
train/None/decade_7b582cae3b222ae7aaa5ce54a2cb30d5.jpg,,None,train
test/None/decade_caf7654f24f0e770b79e143e1b6d515f.jpg,,None,test
train/None/decade_82b8c1a7974ee71af193e750f3f89a09.jpg,,None,train
test/None/decade_ebeb66d04b6d574326e5a4a55a043278.jpg,,None,test
train/None/decade_85b15957d956c8fa535b5fe796d0b105.jpg,,None,train
test/None/decade_253c5dd95bcb5ab399e82aa911e1b26b.jpg,,None,test
train/None/decade_d4204997857ab6a02588c625795fd477.jpg,,None,train
train/None/decade_46abe99d2c064b6fa6c809b68d549302.jpg,,None,train
train/None/decade_6031271632c932bae4df2a1b6491e67a.jpg,,None,train
train/None/decade_b586cb8ba2359784fd40adef500c85c4.jpg,,None,train
train/None/decade_95da629f0850ada3a7538f1c30d6e662.jpg,,None,train
test/None/decade_546288315d67d7efd049d20fb7ae69ee.jpg,,None,test
train/None/decade_fe40c456498972b76e4b7ac7bcc17cf7.jpg,,None,train
train/None/decade_f3eb9c1f4ea7046671a857275a782215.jpg,,None,train
train/None/decade_699febdacc5b45afd63379fd4c3eb6fc.jpg,,None,train
train/None/decade_4c9cd4fd0a39bbacf2ef01f622094e7d.jpg,,None,train
train/None/decade_1d043f8494cfbc41c2f8ee77783882e3.jpg,,None,train
train/None/decade_5c8877e1ba97286323f00b2cd77875c8.jpg,,None,train
train/None/decade_3da0fd21e84cfa2ff62809ab247958b4.jpg,,None,train
train/None/decade_a13e80f9955220df08d3d530d85548b9.jpg,,None,train
train/None/decade_e2eb402366eddd33f4e2aada1b82df4f.jpg,,None,train
train/None/decade_95f4379c934f952b000384bdf4ad0c56.jpg,,None,train
train/None/decade_019338bbff61fc5bad38f9f60332b27f.jpg,,None,train
train/None/decade_525b66ccf3732b8002d68b2dc079d7ee.jpg,,None,train
train/None/decade_5ff5d4628edaa51cb5f93f39703e693a.jpg,,None,train
train/None/decade_257d2fb920b0c893086765e3f40801af.jpg,,None,train
train/None/decade_0b7bbb66547050262944277812c0a057.jpg,,None,train
train/None/decade_6f4dfeea23c510e0d2e9587150b59b6e.jpg,,None,train
train/None/decade_2db63808c54c99032a7e26d809edd320.jpg,,None,train
test/None/decade_db52086c0d4feb15bbf760c9086c228c.jpg,,None,test
train/None/decade_8faec70f53f3c01d855e936f56087b22.jpg,,None,train
test/None/decade_07f8aafea6eb218567273ca82535b185.jpg,,None,test
train/None/decade_6051c0488c7916d996d64d9fd33eb7af.jpg,,None,train
train/None/decade_f312819730a69944c69a874b6d1d6fb4.jpg,,None,train
test/None/decade_a9e11dedc2ae3b2eb80461f3cb535893.jpg,,None,test
train/None/decade_741102d0a4d75ff4f0a06b983e715ac2.jpg,,None,train
train/None/decade_78cde16ffec0132adb0f9626b223dbff.jpg,,None,train
train/None/decade_dbd561d3536228a6ca2516c92682d7df.jpg,,None,train
test/None/decade_f2e2d3bcb6e70daa64f2f117a4b76bff.jpg,,None,test
train/None/decade_de453c4fba575681eb949a5ac0c4fd29.jpg,,None,train
train/None/decade_bacb756908e014aed7493101d365e9a6.jpg,,None,train
train/None/decade_7318f294f57b1da25b22919f3cde2ae8.jpg,,None,train
test/None/decade_951b6e189e01574f462285bd4496ab7a.jpg,,None,test
train/None/decade_bac49d8e91cc46ca867fe5e10ce526b4.jpg,,None,train
train/None/decade_d073578faa17c7294150b2c4cf8656b6.jpg,,None,train
test/None/decade_27e58878bdab12cf4df7b3d80bbedce6.jpg,,None,test
train/None/decade_2468e8b1871c1644d262c6dbf2c17fd0.jpg,,None,train
train/None/decade_ccfeb717526285ccee947b5a1b62d2e8.jpg,,None,train
train/None/decade_4fde1cdf61f196730796053ecaf0d842.jpg,,None,train
test/None/decade_8511eb6de53f8ad445bd2d6b29d097fb.jpg,,None,test
train/None/decade_0fff06ea617514447a1e4870f62c07d0.jpg,,None,train
train/None/decade_317dccfcbae01034493b94219a1e67db.jpg,,None,train
train/None/decade_7409b7ef7f35ecf7a8e89e4322f934ea.jpg,,None,train
train/None/decade_596347bb3098cbdf9d9b614fe80aa10b.jpg,,None,train
train/None/decade_1a1959df53011e9621806378cc28802c.jpg,,None,train
train/None/decade_598c8cde0e5bc443e3d48c32480d2a9e.jpg,,None,train
test/None/decade_6393136a76621dbc9b950aece2147712.jpg,,None,test
train/None/decade_b2b835f88b2473d40968e88caa14d876.jpg,,None,train
train/None/decade_7bf3deeef8851670f564be6208fbdbd7.jpg,,None,train
train/None/decade_3fc78a4f01be7e5f259698a2b9d7b6af.jpg,,None,train
test/None/decade_703982a2e8f7c8bc26e6751c05bf34d6.jpg,,None,test
train/None/decade_282e4aa153b68415416aa04d6ad3c577.jpg,,None,train
train/None/decade_bfdd080d6788609ee04eda51de9d7e65.jpg,,None,train
train/None/decade_fb6755791cceb3d097c4b17f61d791bb.jpg,,None,train
train/None/decade_6ac1b97e4e56c03aa93d035101520976.jpg,,None,train
test/None/decade_70f3937d5009bc39155646f2f421ba4d.jpg,,None,test
test/None/decade_291fa8445174f822877f24106ac9e41a.jpg,,None,test
train/None/decade_0b9a215147995632a7d643b2cdd69146.jpg,,None,train
train/None/decade_77e86e30bf9b50fcf625ecda51a2eefb.jpg,,None,train
train/None/decade_3b7e8fd2169771019f53076b5d261ee7.jpg,,None,train
train/None/decade_e2ee2b37b065bf0b487cc77899bed0a7.jpg,,None,train
train/None/decade_f3b878b7a0f3b5a415aa280e8147e95a.jpg,,None,train
test/None/decade_501a7f3b877890a6620ccebff4972ec3.jpg,,None,test
train/None/decade_790dc6b53cf541e4210d3a9a9642b98e.jpg,,None,train
train/None/decade_3a37219a057bf89864cada0e657a37b1.jpg,,None,train
train/None/decade_f1e54e7f853580b2467510b515f38bfc.jpg,,None,train
train/None/decade_808f42d48d506ec51972dc46a3ccfbea.jpg,,None,train
train/None/decade_4393a4bea03abb16fa0ac15410c0a528.jpg,,None,train
train/None/decade_f673872b36b50cb942559d69aa14db4e.jpg,,None,train
train/None/decade_ebc54c91dc4599923c9a1ea2d7bf45eb.jpg,,None,train
test/None/decade_c38dca6b35acf73d87f5412259223d4e.jpg,,None,test
train/None/decade_92120450c0be235193f724cf86fabba2.jpg,,None,train
train/None/decade_1b381ca5c9110abf9d8577f6ae7f0f9d.jpg,,None,train
train/None/decade_38fd6ee7f50f328bad11b815f6aaaf18.jpg,,None,train
train/None/decade_019a91e25007da10de2b7375ce872831.jpg,,None,train
train/None/decade_fcbfd37e0288a6b0985edf7093e92f2f.jpg,,None,train
train/None/decade_21507c7213c45c3224e6820e2cda5ca4.jpg,,None,train
train/None/decade_b4aecd6cede1b1a900100a1b3711c028.jpg,,None,train
train/None/decade_d40e6530677ab0d5f3541d37de16eaad.jpg,,None,train
train/None/decade_97fd3bd9a8428a71f616d9769e35475b.jpg,,None,train
test/None/decade_88e5b04c2eef94dc78a2dd603ab733b2.jpg,,None,test
train/None/decade_01b1d148916005026d178df026ea365d.jpg,,None,train
train/None/decade_32a32fda60af0a65e66d76d216fd1a1d.jpg,,None,train
train/None/decade_7377c41778f2d329bc874fe7213bd8b7.jpg,,None,train
train/None/decade_da3c6da63b1f409e8e86e1bca2c0c109.jpg,,None,train
train/None/decade_8460b7128d050c2a71530d70c3bc97ec.jpg,,None,train
test/None/decade_b4b998a3e8d6713331e2b75b74836b1f.jpg,,None,test
test/None/decade_31b132e7667286fd365559663d99769c.jpg,,None,test
train/None/decade_7bdcf0f096ec7335251fecb185bc9ec4.jpg,,None,train
train/None/decade_bca4c204576e5d25134d2e26c967d77c.jpg,,None,train
train/None/decade_57ce577cac53fa3c0df05bcb9dcb62b2.jpg,,None,train
train/None/decade_d5e1c25eeac7e7f9875818f05d97e23d.jpg,,None,train
train/None/decade_e8dd64f4e3ffe86de889e9081be90362.jpg,,None,train
train/None/decade_33c32a07d18fc8a1ca6c711578a5a0fc.jpg,,None,train
train/None/decade_51493dc09d33559d1157f2e7fbf04014.jpg,,None,train
train/None/decade_f784a7213ac9d46b49c279a73fb3b5b9.jpg,,None,train
train/None/decade_00c8403f35859c6c806cea981322428f.jpg,,None,train
train/None/decade_289c345196828ac6f57213778493c217.jpg,,None,train
train/None/decade_aec38660779b039323828f608db9ddd7.jpg,,None,train
train/None/decade_cf88f64aa241ed8c496ef5fad941ecdf.jpg,,None,train
test/None/decade_cd2a68ec44b2c003ce27c7fdd0c9986a.jpg,,None,test
train/None/decade_8bd3ec65b00a629f83d911bbb5a6cd64.jpg,,None,train
train/None/decade_46af7912af28d2db19925b802c1591d5.jpg,,None,train
train/None/decade_f1684bab0d325da5474860ae4554e34c.jpg,,None,train
train/None/decade_43311ef6016573492dd4468493297410.jpg,,None,train
train/None/decade_2de2ddbfd91c57171e58bad12aac36df.jpg,,None,train
train/None/decade_4ea0e77e9a12c06b1f6ebdf9c41c1232.jpg,,None,train
train/None/decade_fac5ac87fcc307a3c78ff9f2702c9d73.jpg,,None,train
train/None/decade_4cafc9731f455aee06abf1dba2c47245.jpg,,None,train
train/None/decade_2b734c888005a5e681719af6c9c9a288.jpg,,None,train
train/None/decade_608720c98ec05c0ee26e59bfa694d0a3.jpg,,None,train
test/None/decade_93a79d5e64c227466e85e4f16d0918ab.jpg,,None,test
train/None/decade_bed4c00750ae25d7a54cdaa43fb8ba39.jpg,,None,train
train/None/decade_ba6cd4449d28e7766f2ec2255221bbab.jpg,,None,train
train/None/decade_aeb61cc4975057aa460287a9f3b29813.jpg,,None,train
test/None/decade_34c4454ddd5e06671aedb1c075d9cdbf.jpg,,None,test
train/None/decade_74ec22424bb969052de1290691e85a4f.jpg,,None,train
train/None/decade_6f5e682733db5462093d0959bdde051e.jpg,,None,train
test/None/decade_5366a8244fd2a0489c92b7c1b1ba89c0.jpg,,None,test
test/None/decade_65e912a69338ace27af637e7f2ef818b.jpg,,None,test
train/None/decade_28158171c93d57340ce4155fffafa728.jpg,,None,train
train/None/decade_7988a6d6a325c8fc93e8a13cd6e4907d.jpg,,None,train
train/None/decade_16d604e81da56a8f7c547644a003d231.jpg,,None,train
train/None/decade_e7d325c0227a22de9f16956c19e09c8a.jpg,,None,train
train/None/decade_0425d2c58ecc23a43a88ef351c1ea643.jpg,,None,train
test/None/decade_d4f44183f79307b794ac462fea8030e8.jpg,,None,test
train/None/decade_546875e9fc924ea9126eb616be5f154c.jpg,,None,train
train/None/decade_0547632c308d28c257333cd950154d48.jpg,,None,train
train/None/decade_226379d9bfbbb80e91ae5dda13371463.jpg,,None,train
train/None/decade_d30ebf5ef13d18d45f10bccdc2e9350a.jpg,,None,train
train/None/decade_64d8246ba953281ddb47bdd0aea917ca.jpg,,None,train
test/None/decade_fdbeb1eedffde496b65ea47d8a11896d.jpg,,None,test
train/None/decade_c5a3a980ea1df0ba20244bdec2f6d592.jpg,,None,train
test/None/decade_faae906db3484cb73ad648d31e455f49.jpg,,None,test
train/None/decade_18aff056a17755c5b28adb667a9d6b92.jpg,,None,train
test/None/decade_669661591d81cc0e3eb98ef23d334aea.jpg,,None,test
test/None/decade_5e7e2508a92b626e5977cb6d05a05a1a.jpg,,None,test
test/None/decade_f41eccee97c24453a7e12ad19399fe2e.jpg,,None,test
train/None/decade_14faab4251197304f25d91e6bdcb0e9b.jpg,,None,train
train/None/decade_c40d2191d2b70d342a92d79bc99f8216.jpg,,None,train
train/None/decade_1f7253548ba4d395a0b2231216599c77.jpg,,None,train
test/None/decade_58ac98555eebcc89f7b81563114f2198.jpg,,None,test
train/None/decade_55377917025b33789e23db4a84d00da0.jpg,,None,train
train/None/decade_b825241128988b92657d1a5230272dcb.jpg,,None,train
train/None/decade_1772c1b0265b9a4e84e2660578ec1e7c.jpg,,None,train
train/None/decade_2b5a96317e4a1f8d0508413624e8be38.jpg,,None,train
train/None/decade_5d9ee0be94f9fb54ce8e326e7503ce0d.jpg,,None,train
train/None/decade_b222d379c5cee65de722c4397d32916e.jpg,,None,train
train/None/decade_8a104e1de426bedb2e1671bb67b03c35.jpg,,None,train
test/None/decade_95483a0d0ee1b03976d282c95f541aea.jpg,,None,test
train/None/decade_763dfb0b00fb199e64fd45d774a9e3d1.jpg,,None,train
train/None/decade_bffc9a0e5a3a2b9b68afa2da9dcd9f24.jpg,,None,train
train/None/decade_36dc922eac60770ad9192057427558bc.jpg,,None,train
train/None/decade_cc93d3d667c91ddf2ba7ab9f065cf41d.jpg,,None,train
test/None/decade_f878702b1f6c818a86b7a0ab5cdf5fe4.jpg,,None,test
train/None/decade_3c3e575cad8bdd0870f200596b2aa408.jpg,,None,train
train/None/decade_f9dfcf27394502a0a3f2912cb89660d9.jpg,,None,train
train/None/decade_5ea8dd392169a186aaa56412e40a46f6.jpg,,None,train
train/None/decade_6fc92c1d120c4044ea8a253c03fe62f8.jpg,,None,train
test/None/decade_6b13dc49e7f06d42c7c6307ade0fd27a.jpg,,None,test
train/None/decade_81c22716beeaca67422005ce130b089c.jpg,,None,train
train/None/decade_df281613811074e5b785c97c6fdc6efc.jpg,,None,train
train/None/decade_bb4aff2bc43ba1b53e6bb93756648951.jpg,,None,train
train/None/decade_39a3fb5398900a6c9a7c19c054de07ee.jpg,,None,train
train/None/decade_b856d82eb4654c5f5214cc2ae6e40196.jpg,,None,train
train/None/decade_5335188633a08fd0f3976ab965f1ba17.jpg,,None,train
test/None/decade_859d10b221a97f8f6dcbae19cd000085.jpg,,None,test
train/None/decade_1d7e1760415fb1d3fd2d0087d1456c1c.jpg,,None,train
train/None/decade_5cf11ae86eab47103c8046723f376423.jpg,,None,train
train/None/decade_24816fae528aa17a126501b4e0546c24.jpg,,None,train
train/None/decade_39f7e3d1c4bb9b65eb1c0b7c4f42e237.jpg,,None,train
train/None/decade_c451256b966761fe70810ff33f8b26d8.jpg,,None,train
train/None/decade_8d4766239f3e0a7c13e39ed391c20f6a.jpg,,None,train
train/None/decade_6878b1909249e2a0dca40ebe0da762aa.jpg,,None,train
train/None/decade_1d7265c5414c6603fecbb710e632c140.jpg,,None,train
train/None/decade_efbe297ecdf53d7601b0040b69db5575.jpg,,None,train
train/None/decade_4bf71f8761df97af4b86e70b379b3a14.jpg,,None,train
train/None/decade_240650ca403444b20c8d2891c01ca223.jpg,,None,train
train/None/decade_b4b3d4753ffc3a33356e1c8abc85f276.jpg,,None,train
train/None/decade_73cc2e660f0b884075aa4d5ac228be8b.jpg,,None,train
train/None/decade_ee8b8108a64c6c73dd97e2376c20c920.jpg,,None,train
train/None/decade_2cc23316cf982ede5058250b5c5360ab.jpg,,None,train
train/None/decade_da2510b5146d8b3f8b1041d820d0fd70.jpg,,None,train
train/None/decade_f3c91059c5100bcd1ff298f37650357c.jpg,,None,train
train/None/decade_6c1c2eeffd399d1e8110d4e615e3d058.jpg,,None,train
train/None/decade_0712979fadc50ef9151f898a37956c80.jpg,,None,train
train/None/decade_3e7bc454fdc04f2710366eb3fe53d2b7.jpg,,None,train
test/None/decade_f66d3108f19faa24a6b32fa311909f1d.jpg,,None,test
train/None/decade_22ac159c27ff7e68dd28f1a9dcccd355.jpg,,None,train
test/None/decade_5470cca2259babf6eb7f227fe6bc036e.jpg,,None,test
train/None/decade_3361287e414ca0de69208c4175a9a491.jpg,,None,train
train/None/decade_dbd7b20817a5f0bd667343b06a51ebc2.jpg,,None,train
train/None/decade_3e567ef8ec06c793fce3526573fc3b88.jpg,,None,train
train/None/decade_195b57caa1020d6880eed5521e1e92fa.jpg,,None,train
train/None/decade_636da2c36435375e0d55dea3c683f789.jpg,,None,train
train/None/decade_15c4a5cb7f624b7529e86f45db4f24c4.jpg,,None,train
train/None/decade_1054aee951b5220c30e45703a3ae7f0f.jpg,,None,train
test/None/decade_9996c4e1fb12eacc072ba8264c511436.jpg,,None,test
train/None/decade_60558dd3d894c1af596b3371eef92a05.jpg,,None,train
test/None/decade_8a2a5e993453e210b6c19a44350d159a.jpg,,None,test
train/None/decade_13dddc911a449310d35a6fd0ec1ed3c9.jpg,,None,train
test/None/decade_b55e85fe6a484e5d86ba4140f785c385.jpg,,None,test
train/None/decade_229f8598fff53cc246f88a31ff4a45c5.jpg,,None,train
train/None/decade_ef40d1422aadeeb98050d16430d3839a.jpg,,None,train
test/None/decade_1a4257d7ad6d533a07147e4135e6e3e0.jpg,,None,test
test/None/decade_70733be253bd4a2a5eba88fb5e43c4db.jpg,,None,test
test/None/decade_076e68ac64516ba65067c4a0aab52564.jpg,,None,test
train/None/decade_116358c70b18fdb738e61ea17cbbca54.jpg,,None,train
train/None/decade_724ba1a171f42c567fb50e519f194fee.jpg,,None,train
train/None/decade_d271d326def51f867ee9a855e6c78054.jpg,,None,train
train/None/decade_b03038df6a691c0a6ea4680dcb661e8d.jpg,,None,train
test/None/decade_609315ba4370f658b7a3470217f48f55.jpg,,None,test
train/None/decade_2273e23e8c21088e5916903ea9889525.jpg,,None,train
test/None/decade_0c69d0b77c8125548f941190afa40583.jpg,,None,test
train/None/decade_0204ae52bd54fa814a514cb05b943847.jpg,,None,train
train/None/decade_663328846a68cae952727a9f0a0e782f.jpg,,None,train
train/None/decade_0f6c17051d9e0db743e4159b8ef8bfe0.jpg,,None,train
train/None/decade_7c23ecf6e6b2915a38057d98fac27e7b.jpg,,None,train
train/None/decade_909e3258d380c42ae79d42b04de4fac4.jpg,,None,train
train/None/decade_14e0075d19f97b96ff18248ea6b3e322.jpg,,None,train
train/None/decade_eac0ad86beaaf5906d0a446925d088fc.jpg,,None,train
train/None/decade_5628815bb6d9e7b037b8968ecf0ad103.jpg,,None,train
train/None/decade_f419e939fe7d36e197b747f197a2860e.jpg,,None,train
test/None/decade_b602fe353020cd76a87ce937f5d98383.jpg,,None,test
train/None/decade_3179a7bf368e9b040fa23a96b17fd1c9.jpg,,None,train
train/None/decade_5464986317a1b5c96c8944122400583d.jpg,,None,train
train/None/decade_74888c0722777908bc563eaf69342939.jpg,,None,train
train/None/decade_1484c5079771f17be96babd253c63baf.jpg,,None,train
train/None/decade_e901597f5c9964f571d06762fdeb9613.jpg,,None,train
train/None/decade_540859916009e5a4dd6590b8456a6e93.jpg,,None,train
test/None/decade_0441f5f9714a2000b7e93e513d18d70d.jpg,,None,test
train/None/decade_21c9c5630f6619162719b8890870ee25.jpg,,None,train
train/None/decade_44bce94caca01900478a90de907533a9.jpg,,None,train
test/None/decade_18dcd1658082470dd1696e2d28cad8c9.jpg,,None,test
train/None/decade_f9d8676cd9bc7960f42d8bb407ed7e6f.jpg,,None,train
train/None/decade_911a269a4f465ecd98ec3ee8768d3aa8.jpg,,None,train
train/None/decade_234ce909f2b861eab9e5aea8e8cf91db.jpg,,None,train
test/None/decade_3974cd5c4c272630ca8817a76270ae68.jpg,,None,test
train/None/decade_5add72d510641255e2d1eb11995740ce.jpg,,None,train
train/None/decade_70211cf8861590c2cfa3af197d878e8c.jpg,,None,train
train/None/decade_584d84e0b283d0f70e76ef4cb6dbab13.jpg,,None,train
test/None/decade_7af424bc27b50e41370b29df1b0084b2.jpg,,None,test
train/None/decade_27e9ec1aee6b07e0bf842207061be19d.jpg,,None,train
train/None/decade_0d056cad36e75bcad347a7d947c5bf77.jpg,,None,train
train/None/decade_53e8a9f80662432caca2422e709e07e1.jpg,,None,train
train/None/decade_9f86870f843075c6e9b4ac0f24c04074.jpg,,None,train
test/None/decade_4891cf921a867e7e1a0f28c332d859e4.jpg,,None,test
train/None/decade_0304caef6f499d14b1a238ffa0ec2bd6.jpg,,None,train
train/None/decade_2204e895c26b28935fa18a653735622b.jpg,,None,train
train/None/decade_711a473a84bf66c316c0a179a58413e2.jpg,,None,train
test/None/decade_913b6f2f25d757dff4fa1e1869139666.jpg,,None,test
test/None/decade_b7b24aac12eb3b58b563455b5fdd0e40.jpg,,None,test
train/None/decade_d6f06529d1e8d16f7a67222a08a1021b.jpg,,None,train
train/None/decade_f6283fc0207368c0928c835bd3542ef3.jpg,,None,train
train/None/decade_b5597981b702c62349eb595f0020ed8b.jpg,,None,train
train/None/decade_09f7687c168280388dc1409096927e5f.jpg,,None,train
test/None/decade_01f8bccc7a3a9b60f932d9578c4e3704.jpg,,None,test
test/None/decade_f0a83dfe0a776dc715e735c07459444c.jpg,,None,test
train/None/decade_6bd2bb45c855665ba527714979401f47.jpg,,None,train
train/None/decade_33862b318e0cac9c3851fb0d5f8a1dc5.jpg,,None,train
train/None/decade_0406a11b66dcd44d5283bba486b2c568.jpg,,None,train
train/None/decade_a957246151782bd2e6a7e14f4bf600bc.jpg,,None,train
test/None/decade_235e38604d44a1acd9672fe7d380635e.jpg,,None,test
test/None/decade_18e30576b3c2353ad40eebc548fc427a.jpg,,None,test
train/None/decade_66605eb1791d5fc62e03c88e38301df2.jpg,,None,train
train/None/decade_9debc9b33de1f0fad160c3cfbe1f1396.jpg,,None,train
train/None/decade_3a22f131c952225b72040637abddee05.jpg,,None,train
train/None/decade_1456bf972d47b879dc2b1751a617a93c.jpg,,None,train
train/None/decade_13c63082defe0b6ec315b65090ce74cf.jpg,,None,train
train/None/decade_db5cf0f99e54ac63d7e2566910dfd16b.jpg,,None,train
train/None/decade_b868370348a791f258fdf4fa7f467ceb.jpg,,None,train
train/None/decade_ea4704e84f06e14c3ab9deac7ca54750.jpg,,None,train
train/None/decade_e08dab4e2be1dc7ff3bd5c8e890aac22.jpg,,None,train
train/None/decade_5c4c2d16cbb063d04ef2521faedcb5c3.jpg,,None,train
train/None/decade_6712755dd7891d5f37883e88bd79a7b9.jpg,,None,train
train/None/decade_ca97b0162aa465603d940120ac1c442e.jpg,,None,train
train/None/decade_f4623b91bfb6e4631a72117919c6cc0a.jpg,,None,train
train/None/decade_355627c095c560f9e5f31e9b1d17d3a9.jpg,,None,train
train/None/decade_ff0c33e7a41eb19dc3c93d408057ccb0.jpg,,None,train
test/None/decade_747a8848e3c5e30e3f8b15a8bb659951.jpg,,None,test
train/None/decade_440f4dbadfd8ffa51768bcccd092f8c5.jpg,,None,train
train/None/decade_78995b353f37ea824a8f61611761a5da.jpg,,None,train
train/None/decade_e44cd05725eae5bbd663871fbab1ca37.jpg,,None,train
train/None/decade_b7724547f4e309404248dfa10d297ae2.jpg,,None,train
test/None/decade_33a02ba9f8c7fc240d79b20789e7d214.jpg,,None,test
test/None/decade_44a9deb3c9a2c7adf56d84dd19677f4e.jpg,,None,test
test/None/decade_96f5f11cce3d41bb819ef8a98b9cdeaa.jpg,,None,test
test/None/decade_ed762439326b9b9847c0de1ff8e0ff89.jpg,,None,test
test/None/decade_5ee46c05aeeb96f0e7cb5975c1d42de5.jpg,,None,test
train/None/decade_6c0538f25455826e6062492b463989c1.jpg,,None,train
train/None/decade_a751d3275bb1f7b365f79a4aeb2067de.jpg,,None,train
train/None/decade_237c2fd3184472cf119945e666cd5684.jpg,,None,train
train/None/decade_e9a283862c6f6ee2ffbe6817def65802.jpg,,None,train
test/None/decade_3e5c891ce241dc813d7f6ce01da7ef7e.jpg,,None,test
train/None/decade_3a2a61d8651db23199d254a7fc505d3d.jpg,,None,train
train/None/decade_c3f3ecd8a7216c9b61cc541ec25d8af2.jpg,,None,train
test/None/decade_1ee9ba0eb51367cf876dbb34b3cc459a.jpg,,None,test
train/None/decade_5b36223256fd7242fb4ad29c4d77064e.jpg,,None,train
train/None/decade_c38487cdd51276b6b1698f8da3369690.jpg,,None,train
train/None/decade_f2df7829df2de5651c6bc15d52ed96eb.jpg,,None,train
train/None/decade_dd952439056f7ff9dc7a4f6aa69afdc1.jpg,,None,train
train/None/decade_686a97f2c8a4d3a9194c991404ca9e7c.jpg,,None,train
train/None/decade_093556fd5c5118c3daecdf333dafb394.jpg,,None,train
train/None/decade_defc9968e2f5c038969843575d2248b6.jpg,,None,train
train/None/decade_de59617157d33c2faa42642bf06b78f8.jpg,,None,train
test/None/decade_d3cb8cdb7550d79b09b4eaecddc4ce68.jpg,,None,test
train/None/decade_7d38f48e6434013473939806b9da4690.jpg,,None,train
test/None/decade_2f21e4e6044bd68ae4443d64729fd585.jpg,,None,test
train/None/decade_e87c022af9e87d47016498fb573a6edb.jpg,,None,train
train/None/decade_118010f37baccabe44274382ecdda8a4.jpg,,None,train
train/None/decade_cd0ae80b2b6cd40f86d586ff928de7e6.jpg,,None,train
train/None/decade_6c18ccbbaf3a2ae21a618b518aa7915d.jpg,,None,train
test/None/decade_5d926d1796f78173462ddda7aa198e0d.jpg,,None,test
train/None/decade_5d702866ef659e4469fd4f1c5a4acb69.jpg,,None,train
train/None/decade_ee8f2f786c11ae598d35b4ac0dd01e74.jpg,,None,train
test/None/decade_7070a35eb4e18e6adbe0525a346e310b.jpg,,None,test
train/None/decade_8cf07733c6a8e2e72fcfa647c4d8376b.jpg,,None,train
train/None/decade_dc2c9d66fda904a272fd1cf959fffe3e.jpg,,None,train
test/None/decade_ed0dea078ac50f3db002b2063d20ef41.jpg,,None,test
train/None/decade_d427434b7e210b35548455ab74173604.jpg,,None,train
test/None/decade_0da8e53b44d37c4d65d2517a6f15434c.jpg,,None,test
train/None/decade_c5dafe345f5320623f7c0a9939afdd84.jpg,,None,train
train/None/decade_00fe21eccdbbb7feb4f1fa0029c58622.jpg,,None,train
train/None/decade_9a7e626077ee7cdf8b7d59d5a3269e3a.jpg,,None,train
train/None/decade_abe940bfce574ac34457200f0937cbf2.jpg,,None,train
train/None/decade_404543cc798ee4c1b6d5505d62472b43.jpg,,None,train
train/None/decade_5e6ffbc9c0d22a093f95087833b4d928.jpg,,None,train
train/None/decade_57876923aa14361cd59ce02c50f5d2e0.jpg,,None,train
test/None/decade_f24471bb41b8e4e24ce3f829adc712c1.jpg,,None,test
train/None/decade_47980067e5b2affde99c944a61f97515.jpg,,None,train
train/None/decade_b8e0e3023c1460f197f830be2cad95cd.jpg,,None,train
train/None/decade_d5d52512649d17f3dbde76e9e7578bcd.jpg,,None,train
test/None/decade_bac977550c6ea1cba5ea8803c35c3e1f.jpg,,None,test
train/None/decade_01353f7c4ca926466f0337a3598e48a5.jpg,,None,train
train/None/decade_df1126afa7e4673b6d9dac0c723398ff.jpg,,None,train
train/None/decade_b8bb65beabfd781d699f43aafe3fc864.jpg,,None,train
train/None/decade_b476aed81653e106413803640f551137.jpg,,None,train
train/None/decade_fe0478487aac624cec1e836617a87fb6.jpg,,None,train
train/None/decade_ce25219c3838f846a9f55430b58fe9be.jpg,,None,train
train/None/decade_75bfe4a2acee709e13f119bb5ea8e6cf.jpg,,None,train
train/None/decade_4775a4652ceb811de084857177f74e62.jpg,,None,train
train/None/decade_89fb0ca4b6f4a96934438330c4d06940.jpg,,None,train
train/None/decade_b8932418a0dd799cc7f68415d077f905.jpg,,None,train
train/None/decade_8faa781daf5b7ed8b4ed3fafdd13bb7c.jpg,,None,train
train/None/decade_1533305a6d4b2238e09c7a364135114d.jpg,,None,train
test/None/decade_95f6ce28cd3c0d50e5dec458c96e36d9.jpg,,None,test
train/None/decade_f199afe36f7490715d276146edfed3df.jpg,,None,train
train/None/decade_3237d1292d69197dba63e234b290cc44.jpg,,None,train
train/None/decade_47ba2ea18193da26d0694a197809ba61.jpg,,None,train
train/None/decade_c51972d8305567ca195a93cddf5bae33.jpg,,None,train
test/None/decade_3ad4fb413b3aa95efed333c822deda7e.jpg,,None,test
train/None/decade_5ab6c871c50b87632e2f524210802d98.jpg,,None,train
train/None/decade_7c7b969739ae611eeb99321238898565.jpg,,None,train
train/None/decade_2c0f8b9bf39cfd4af307fa7b2d9eab07.jpg,,None,train
train/None/decade_43ea7c48dc66e71aceecdb3c4a46ce77.jpg,,None,train
train/None/decade_7d7a8c2759b16188a7cd16b59bd7388b.jpg,,None,train
train/None/decade_260096b289c9eab4f6b637a7c0a1326c.jpg,,None,train
train/None/decade_3a07397298727a374b9526f7f8dcd0eb.jpg,,None,train
test/None/decade_478ccbb770bbc4516e88d386d9873e2b.jpg,,None,test
train/None/decade_aaa58e41b572993bd64e14aad7a16154.jpg,,None,train
train/None/decade_02471a853603469d8e750ad47bbb2111.jpg,,None,train
train/None/decade_d98e1c055c95c0f2a7f7e7b740013250.jpg,,None,train
test/None/decade_3898979cc02a1a10982842c0fb5d090e.jpg,,None,test
train/None/decade_134cdec13989881abbf53112a66aa4d2.jpg,,None,train
train/None/decade_7c2379a3a966405dab1eca7fa60672ba.jpg,,None,train
train/None/decade_6b6a9f1807651830a25f7af43ccea4f6.jpg,,None,train
test/None/decade_f9df60cee23828d28d71bd359dcd4383.jpg,,None,test
train/None/decade_301781d1bb29eefb019d9ec6b5c191a5.jpg,,None,train
train/None/decade_3979e7f36d030d97f2021f1eab2754df.jpg,,None,train
train/None/decade_e110af4ed89935f99ba0d13daa3e5416.jpg,,None,train
train/None/decade_66f608a62670667c214e73ca58e24a1c.jpg,,None,train
test/None/decade_0235c9a0c589fee9533050fdb33f64ba.jpg,,None,test
train/None/decade_a702ea08bbe4a563a93cb75dba6e71e9.jpg,,None,train
train/None/decade_a6ccb5ec54bcd07588e8ccc5825b95e7.jpg,,None,train
test/None/decade_8f56d6b74f2f779df14c41f97e75777d.jpg,,None,test
train/None/decade_5a29c9e7d422acc14101c8c64505d8b3.jpg,,None,train
train/None/decade_5baba6d6567a1c80bc96fe6bedf8e28d.jpg,,None,train
train/None/decade_d348999e2bc828492158b209d18836b5.jpg,,None,train
train/None/decade_52d9818a29ab8fbb0f90849ea96eb5e6.jpg,,None,train
train/None/decade_dbe4acb99f47f9ec4e976fa86cc01345.jpg,,None,train
test/None/decade_d52e1310414e44b49c1db78f7dbcb26c.jpg,,None,test
train/None/decade_1f8f1f20d026bdf4e04f2d7adee2755f.jpg,,None,train
train/None/decade_f00e7f288d53fb35406a1292b0195dea.jpg,,None,train
train/None/decade_5f14e6a46f0c03aff5e812bb39d2ef34.jpg,,None,train
train/None/decade_195b2b257275a0a2bc63c4c05b1f419d.jpg,,None,train
train/None/decade_f33c09ee457a368f2698e5427d2aaef1.jpg,,None,train
train/None/decade_76ff0222af845fce32b49d3c81b7ed87.jpg,,None,train
train/None/decade_5d3c6a8ec2d035e1ec42c42ac55c3bb1.jpg,,None,train
train/None/decade_5a3533db18022f8faa57dd5e9c386de9.jpg,,None,train
train/None/decade_31b8fe1e2d5912954d3f5b7350af7fb5.jpg,,None,train
train/None/decade_3e44b57227d4e58d9b4c5e0fc9c2ea57.jpg,,None,train
train/None/decade_2b28d8030df305643d0bc0b34e6ea744.jpg,,None,train
train/None/decade_1183af11446681977cea17daaa035027.jpg,,None,train
test/None/decade_bb2000a3e72a4292e063a52e135fd046.jpg,,None,test
train/None/decade_c813c7c2214c167cc893b653780284d9.jpg,,None,train
train/None/decade_f63b000a592c7fbec031d6e80bbf6489.jpg,,None,train
train/None/decade_2bb275a2188317afd4e48792044d5044.jpg,,None,train
train/None/decade_d98c02eb5954c846ccb65e1e659e6385.jpg,,None,train
train/None/decade_0259d90f0184b9807c1ce353f86d5b0e.jpg,,None,train
train/None/decade_cb7e8e467d807365fc97333688f1d59d.jpg,,None,train
test/None/decade_00e8b2f79b8752e476aeded896e62059.jpg,,None,test
train/None/decade_1c839537af8f2c4e59c9ee74e65c7a5b.jpg,,None,train
train/None/decade_b36be66110a52a72de2aa490b9b3e6b7.jpg,,None,train
test/None/decade_1aa35aeabcb3011168a120e952c5c7f8.jpg,,None,test
train/None/decade_2a075c28e432e2a6ce696f382e281a9a.jpg,,None,train
train/None/decade_d7f48fe25908557a1bc379480f3192ea.jpg,,None,train
train/None/decade_2887b3cda88d799d2f8c9750f2d5fb63.jpg,,None,train
train/None/decade_b1cd0fcb1d406d6eb6a3ee9a3df238c7.jpg,,None,train
train/None/decade_e178742c12d98c16b8fed0bb95159709.jpg,,None,train
train/None/decade_e9ecfaa478766ba822673a394cb7d86e.jpg,,None,train
train/None/decade_428e3bf28e7d032cfc4786d5bac0fcb4.jpg,,None,train
train/None/decade_be8b1f7002b05b746cdfb0505d7dfbb9.jpg,,None,train
train/None/decade_f1e9f0e7c5d45ed8edaec0ed44f5cf49.jpg,,None,train
train/None/decade_26af124f4eaf7d18cb7fbdfff68dc1cc.jpg,,None,train
test/None/decade_2416ae047ca17000cac9f42ec8efa28c.jpg,,None,test
train/None/decade_aa0932f67d37a0b3fe13239ec7ba83e2.jpg,,None,train
train/None/decade_3efe0e7a98eede9db6e5867dce1291d8.jpg,,None,train
test/None/decade_724923799d4d881a2c6b7d458ae25a0c.jpg,,None,test
train/None/decade_686ed30222c4d9252a7c8934d7a7eb7d.jpg,,None,train
train/None/decade_b7dea2b1737a0e1b917345d54ed5f145.jpg,,None,train
train/None/decade_47c4a7b9b3cc0916773518d2410b6ca3.jpg,,None,train
train/None/decade_ce240ec453ceb3d44914c45d3eb688a0.jpg,,None,train
train/None/decade_57f87043a9dd1970ceb0c32729177a4c.jpg,,None,train
train/None/decade_7243bb59eb16c55bf802e8f4485b61b1.jpg,,None,train
train/None/decade_8340b45e884d3abc17d649d6f4cebea8.jpg,,None,train
train/None/decade_08772a076e4f6b69b72d221d442f0695.jpg,,None,train
train/None/decade_a2cc727e2c86dd905014d3726404f7a8.jpg,,None,train
train/None/decade_51d2d7f307bbc7b87ace9181f6c644c9.jpg,,None,train
train/None/decade_f15ac1583e27e63783bc317264811583.jpg,,None,train
train/None/decade_3021ef1941e523d11b7b8acc7a7e44aa.jpg,,None,train
train/None/decade_ea31e5eeee8c0318cff3a723c320d8f7.jpg,,None,train
train/None/decade_398d9ad147f68b875ccd969cded8fd49.jpg,,None,train
train/None/decade_e6e7f25422fb120162d75757888cf00a.jpg,,None,train
train/None/decade_7a2f9cf9bd05510db191c2b3e8101a27.jpg,,None,train
train/None/decade_0560254adc579552bf8b0d83843d2388.jpg,,None,train
test/None/decade_b232209d80aa2e3db183c27ed30560db.jpg,,None,test
train/None/decade_dce96f8edfd0cb4ea3cc8778f3a27d38.jpg,,None,train
train/None/decade_33b9ec71e1a821aa0713152c5d21afe9.jpg,,None,train
train/None/decade_4af12f57355b4c84e9832c1215bde366.jpg,,None,train
train/None/decade_3cd3419f3c3910c3157ebc813498d0dc.jpg,,None,train
train/None/decade_93bab683a63578b9817851267355947c.jpg,,None,train
train/None/decade_1b3e90221c436139a3745456508530a8.jpg,,None,train
train/None/decade_24159b9e0d5a53d746be752162f36a31.jpg,,None,train
train/None/decade_08744e9313e6214f3093cb7108d6d398.jpg,,None,train
train/None/decade_8b38ca895177f095ba866188859d70c6.jpg,,None,train
train/None/decade_2f8658fbf91a536cbd5cc519ef9d45d1.jpg,,None,train
train/None/decade_739f7b6c61e92f07bffcdd6ab28543cb.jpg,,None,train
train/None/decade_61206ce71b7ce20d722deb9255d93011.jpg,,None,train
train/None/decade_3f09aff8a5d1497054b93100dc126211.jpg,,None,train
train/None/decade_9961fd0606a7f8ec662d5cbde52a5349.jpg,,None,train
train/None/decade_421500f090cabd557e1f6996a0bd4d70.jpg,,None,train
train/None/decade_cbf240770c0b163d326f34b8205c55b7.jpg,,None,train
test/None/decade_7b2fd84d77bbaca0870bfecc8fba01c9.jpg,,None,test
train/None/decade_53da13c8657c40c23e5290d0d9f73de5.jpg,,None,train
train/None/decade_613fd673e069d0beadfd430707fb8201.jpg,,None,train
train/None/decade_554f8df13742e784295e75737251c6c5.jpg,,None,train
train/None/decade_097a015f1b8fe9a58029f767fc5e0843.jpg,,None,train
test/None/decade_68365434acbb345f03a71cf4c4778dfb.jpg,,None,test
train/None/decade_8de4971b4c52dae5dfcc1ac3524afe41.jpg,,None,train
train/None/decade_3d5b72b46b84a8640b098235c9978566.jpg,,None,train
train/None/decade_7988fc44f0e700f432efeded7f474cae.jpg,,None,train
train/None/decade_565f3c7beb19da74024194b87145c54f.jpg,,None,train
train/None/decade_3f22347506d8ada59bc992491d51d11e.jpg,,None,train
train/None/decade_7c0bbe09684ba9abffd132580f0e3eb7.jpg,,None,train
train/None/decade_4e047696b0342b74946219d88b44ce5d.jpg,,None,train
train/None/decade_3ab8587be30e3e77be202a3ecd4cf8e5.jpg,,None,train
train/None/decade_ebe268ca586ab7249cdbc0b0b2c0a64c.jpg,,None,train
train/None/decade_f5a5d1a2f44323b0a5da10d48248649c.jpg,,None,train
train/None/decade_c686ef34bf7cb3eea7c5a4aa8fdd99e5.jpg,,None,train
train/None/decade_722c16e9aae5a02c77bc7f7dd1b5cfff.jpg,,None,train
train/None/decade_64b9ec67f4d365f22f07a4098fe8de1f.jpg,,None,train
test/None/decade_13fb37d60d7defcb161e0169dda9358b.jpg,,None,test
train/None/decade_3480d639d29155be9d1aae652320884b.jpg,,None,train
train/None/decade_55664e9b26f2613afa15b92646c6fb2f.jpg,,None,train
train/None/decade_bda6d2c2dd78f62165dade9b9971e3ea.jpg,,None,train
train/None/decade_5fe8106401c085cbd10f4402b90c85bd.jpg,,None,train
train/None/decade_4510e1059e1282c597aa794e596cd2f9.jpg,,None,train
train/None/decade_2e06afc952ffdc490b9dde805b919de0.jpg,,None,train
train/None/decade_c8a63724b18cf55d5fb1ba7ca8c415b7.jpg,,None,train
train/None/decade_ffd829e3f8b826eb7ff27be4130976ac.jpg,,None,train
train/None/decade_1e254fd5d1c011ec47abef89f7f597fc.jpg,,None,train
train/None/decade_fb0d107e2e0931b552b773adf7291c07.jpg,,None,train
train/None/decade_1c99f5fbfaa66da03ed4badebfc22c1b.jpg,,None,train
train/None/decade_fed5e539ba57361105b83b80abcf74be.jpg,,None,train
train/None/decade_c1e526ac3dc943adde6f45f64fc95d6b.jpg,,None,train
train/None/decade_af9b21ef807fd5289c83a08b1c1b1a87.jpg,,None,train
train/None/decade_c2437034ea414274f3ceccf1931953ac.jpg,,None,train
train/None/decade_fe4c4f3b9d4ca50565e76f74ad5deed3.jpg,,None,train
train/None/decade_dab5ec7e556c7d08550aa0baaddfab6e.jpg,,None,train
test/None/decade_738e02f118b9fdf0c5541c7b7c5d50f1.jpg,,None,test
train/None/decade_be1c76cc5b68a90873a0429e84771173.jpg,,None,train
train/None/decade_41bc23ea4fc9916b5d945096d31f1c46.jpg,,None,train
train/None/decade_71c8d49d1680519e47f09c77a0288d81.jpg,,None,train
test/None/decade_014af119bb8020a975fe7348b7e1972d.jpg,,None,test
train/None/decade_ed31facf78ba67593b3063c6988f31ab.jpg,,None,train
train/None/decade_35742a990b87b40ce625c3b8385dc15b.jpg,,None,train
train/None/decade_adfcf54dde8a4f5fbb648e29682dca36.jpg,,None,train
train/None/decade_74ecee8996269e3a79b33db5c987e398.jpg,,None,train
test/None/decade_2332a30bcbf8ccb04bc7372f3afd0761.jpg,,None,test
train/None/decade_6a387b836762e6e19d12aa38a9882340.jpg,,None,train
train/None/decade_0ab8d56540c9c30bb681101aa2c30b47.jpg,,None,train
train/None/decade_aeb345ace5d8bc2a47519ce660dd7105.jpg,,None,train
train/None/decade_38144591e40c2542de9479e9ea7d9f27.jpg,,None,train
train/None/decade_3594392d3e0c19aa24fec3733729fca8.jpg,,None,train
train/None/decade_7c13a32e3694d702cdca412ed306a766.jpg,,None,train
train/None/decade_381ad1a9491a058873b4931f5091343b.jpg,,None,train
test/None/decade_a1c1cb2f171df7595b6bea97b5c3f64e.jpg,,None,test
test/None/decade_61c3f346dda1a19b3baef93c59ec230a.jpg,,None,test
test/None/decade_6f25f318c7847082e07d314433f09ca6.jpg,,None,test
test/None/decade_d3236caeaef15cf94610eea730b6c771.jpg,,None,test
train/None/decade_40a22632ba644961b6bc10cf59116e89.jpg,,None,train
train/None/decade_c7ea1bc99d4920987814a72fd45c9de4.jpg,,None,train
test/None/decade_2e33b34399f408740556c56a5ff52bb3.jpg,,None,test
train/None/decade_2ed8523147c0f494200a3388d478b326.jpg,,None,train
train/None/decade_f0cccc5512c0d23cd09345447b8ab764.jpg,,None,train
test/None/decade_da73056fba95f2d5185179bf0d0f03d8.jpg,,None,test
train/None/decade_84380eba8ee48df1658da122ccc60fb2.jpg,,None,train
train/None/decade_29e3ed87f5781780a9997e6494f1c744.jpg,,None,train
train/None/decade_56628064108effa19d21ca1ff6cdaa49.jpg,,None,train
train/None/decade_89222753d95689678132a8e5efed34e2.jpg,,None,train
train/None/decade_e8321c1150fc0d198a7197e77c920cd9.jpg,,None,train
train/None/decade_413b29f2e57cf9aebee184719422c53d.jpg,,None,train
train/None/decade_fc14b3bb8bc1deeb3967012b75f2176b.jpg,,None,train
train/None/decade_a907a985bb40339d1fc70a049f3b6cf5.jpg,,None,train
train/None/decade_a28cad45e6aafd905732153cedb821cc.jpg,,None,train
train/None/decade_25cc68f6e8f02ce1ca7691db32420079.jpg,,None,train
train/None/decade_8d706666fe86fe075ef8db255f9d31eb.jpg,,None,train
train/None/decade_2e57d55cbe6c861da7d41fd0d9c71c0f.jpg,,None,train
train/None/decade_ece5639571de21ace2e631cac8df03bc.jpg,,None,train
train/None/decade_dca3d880e6d8ead3c9616b9dc23b149c.jpg,,None,train
train/None/decade_4b6c564d4dac4e0bfa9692844db98d66.jpg,,None,train
train/None/decade_950bafdf7e739a62bb4a901d9e27d56f.jpg,,None,train
train/None/decade_9a2760213c4449f7de89660bd38a90e1.jpg,,None,train
train/None/decade_52631e1111a76248b25b3d5f9fa4ecf4.jpg,,None,train
train/None/decade_a12b4946a7b8938fc296812dee7c3c17.jpg,,None,train
test/None/decade_f635d17de254b908ebd769bb42599dd2.jpg,,None,test
train/None/decade_a10cf2cf67d492f078abf4fb276f0c5b.jpg,,None,train
train/None/decade_313a22ce1745f6c1ed683f5fac4f3bff.jpg,,None,train
train/None/decade_1c0508d5f68a3a334759e1d5cd1d75f0.jpg,,None,train
train/None/decade_f3163688c72ddb4b2789620466ab2afe.jpg,,None,train
test/None/decade_a04159ac3fb285d37f4751550fa896f7.jpg,,None,test
train/None/decade_1e4c2f27932a636653b287677fbdc6bc.jpg,,None,train
train/None/decade_e05a5414d9b84be0f75ca662161fce1e.jpg,,None,train
test/None/decade_453460f3466f8285ff31350040444a22.jpg,,None,test
train/None/decade_c4893f45fa274420d0707eda45fc1dfc.jpg,,None,train
train/None/decade_90e1ca4d3a8adf75ce5a0ca61dc4d7a5.jpg,,None,train
train/None/decade_4bc0234f963cbeb0a08bb9ff75f13d1e.jpg,,None,train
